insert into order(version, id,order_id,customer_id,object_description,pickup_adress,pickup_country,delivery_adress,delivery_country,vehicle_id,etd,eta) values (1, 1,'70','70','Cheat Spread','1395 Jigror Park','Philippines','1395 Jigror Park','Philippines','70','1953-10-19','1953-10-19')
insert into order(version, id,order_id,customer_id,object_description,pickup_adress,pickup_country,delivery_adress,delivery_country,vehicle_id,etd,eta) values (1, 2,'11','11','petits Pains Grillés au froment','216 Zunnij Grove','Bhutan','216 Zunnij Grove','Bhutan','11','2012-10-19','2012-10-19')
insert into order(version, id,order_id,customer_id,object_description,pickup_adress,pickup_country,delivery_adress,delivery_country,vehicle_id,etd,eta) values (1, 3,'51','51','Pain croustillant complet riche en fibres','1016 Capfad View','Liechtenstein','1016 Capfad View','Liechtenstein','51','1972-10-04','1972-10-04')
insert into order(version, id,order_id,customer_id,object_description,pickup_adress,pickup_country,delivery_adress,delivery_country,vehicle_id,etd,eta) values (1, 4,'11','11','Chocapic','214 Decde River','Bhutan','214 Decde River','Bhutan','11','2012-11-21','2012-11-21')
insert into order(version, id,order_id,customer_id,object_description,pickup_adress,pickup_country,delivery_adress,delivery_country,vehicle_id,etd,eta) values (1, 5,'53','53','Riz long parfumé naturellement','1050 Bivo Way','Macedonia','1050 Bivo Way','Macedonia','53','1971-01-19','1971-01-19')
insert into order(version, id,order_id,customer_id,object_description,pickup_adress,pickup_country,delivery_adress,delivery_country,vehicle_id,etd,eta) values (1, 6,'87','87','Mini mozzarella','1734 Judbi Grove','Syria','1734 Judbi Grove','Syria','87','1936-10-16','1936-10-16')
insert into order(version, id,order_id,customer_id,object_description,pickup_adress,pickup_country,delivery_adress,delivery_country,vehicle_id,etd,eta) values (1, 7,'58','58','Cono helado','1143 Joraf Way','Mexico','1143 Joraf Way','Mexico','58','1966-05-21','1966-05-21')
insert into order(version, id,order_id,customer_id,object_description,pickup_adress,pickup_country,delivery_adress,delivery_country,vehicle_id,etd,eta) values (1, 8,'15','15','Pâté de légumes','287 Kemdol Street','Burkina Faso','287 Kemdol Street','Burkina Faso','15','2009-03-31','2009-03-31')
insert into order(version, id,order_id,customer_id,object_description,pickup_adress,pickup_country,delivery_adress,delivery_country,vehicle_id,etd,eta) values (1, 9,'66','66','bridelice crème légère','1302 Odeter Circle','Norfolk Island','1302 Odeter Circle','Norfolk Island','66','1958-06-05','1958-06-05')
insert into order(version, id,order_id,customer_id,object_description,pickup_adress,pickup_country,delivery_adress,delivery_country,vehicle_id,etd,eta) values (1, 10,'79','79','6 oeufs plein air bio','1563 Lisoh Square','Slovenia','1563 Lisoh Square','Slovenia','79','1945-05-12','1945-05-12')
insert into order(version, id,order_id,customer_id,object_description,pickup_adress,pickup_country,delivery_adress,delivery_country,vehicle_id,etd,eta) values (1, 11,'42','42','Graines de Chia','842 Duod Lane','Iran','842 Duod Lane','Iran','42','1981-06-23','1981-06-23')
insert into order(version, id,order_id,customer_id,object_description,pickup_adress,pickup_country,delivery_adress,delivery_country,vehicle_id,etd,eta) values (1, 12,'82','82','4 quesos','1624 Nowuf Plaza','Sri Lanka','1624 Nowuf Plaza','Sri Lanka','82','1942-04-24','1942-04-24')
insert into order(version, id,order_id,customer_id,object_description,pickup_adress,pickup_country,delivery_adress,delivery_country,vehicle_id,etd,eta) values (1, 13,'67','67','Miel de fleurs sauvages','1325 Kagu Loop','Norway','1325 Kagu Loop','Norway','67','1957-04-23','1957-04-23')
insert into order(version, id,order_id,customer_id,object_description,pickup_adress,pickup_country,delivery_adress,delivery_country,vehicle_id,etd,eta) values (1, 14,'16','16','Tropicaa pure premium orange avec pulpe','310 Feffo Grove','Cameroon','310 Feffo Grove','Cameroon','16','2008-02-02','2008-02-02')
insert into order(version, id,order_id,customer_id,object_description,pickup_adress,pickup_country,delivery_adress,delivery_country,vehicle_id,etd,eta) values (1, 15,'95','95','Pur Jus Pomme de Provence','1888 Derwo Park','Ukraine','1888 Derwo Park','Ukraine','95','1929-01-28','1929-01-28')
insert into order(version, id,order_id,customer_id,object_description,pickup_adress,pickup_country,delivery_adress,delivery_country,vehicle_id,etd,eta) values (1, 16,'75','75','Delikatess Kochhinterschinken','1500 Wehovu Boulevard','Saudi Arabia','1500 Wehovu Boulevard','Saudi Arabia','75','1948-07-07','1948-07-07')
insert into order(version, id,order_id,customer_id,object_description,pickup_adress,pickup_country,delivery_adress,delivery_country,vehicle_id,etd,eta) values (1, 17,'50','50','Levure du boulanger Briochin','984 Zamum Drive','Lebanon','984 Zamum Drive','Lebanon','50','1974-05-03','1974-05-03')
insert into order(version, id,order_id,customer_id,object_description,pickup_adress,pickup_country,delivery_adress,delivery_country,vehicle_id,etd,eta) values (1, 18,'75','75','Zumo de naranja','1497 Dune Parkway','Saudi Arabia','1497 Dune Parkway','Saudi Arabia','75','1948-08-28','1948-08-28')
insert into order(version, id,order_id,customer_id,object_description,pickup_adress,pickup_country,delivery_adress,delivery_country,vehicle_id,etd,eta) values (1, 19,'92','92','Sauce bolognaise','1836 Repi Terrace','Turkmenistan','1836 Repi Terrace','Turkmenistan','92','1931-09-21','1931-09-21')
insert into order(version, id,order_id,customer_id,object_description,pickup_adress,pickup_country,delivery_adress,delivery_country,vehicle_id,etd,eta) values (1, 20,'91','91','le foie gras de canard entier du sud ouest','1805 Razup Extension','Trinidad & Tobago','1805 Razup Extension','Trinidad & Tobago','91','1933-04-02','1933-04-02')
insert into order(version, id,order_id,customer_id,object_description,pickup_adress,pickup_country,delivery_adress,delivery_country,vehicle_id,etd,eta) values (1, 21,'74','74','Activia So Délicat Pointe de Citron Vert','1477 Kulmen Junction','Samoa','1477 Kulmen Junction','Samoa','74','1949-09-03','1949-09-03')
insert into order(version, id,order_id,customer_id,object_description,pickup_adress,pickup_country,delivery_adress,delivery_country,vehicle_id,etd,eta) values (1, 22,'10','10','Sås senap & dill','191 Ibca View','Belize','191 Ibca View','Belize','10','2014-01-26','2014-01-26')
insert into order(version, id,order_id,customer_id,object_description,pickup_adress,pickup_country,delivery_adress,delivery_country,vehicle_id,etd,eta) values (1, 23,'29','29','Sandwich camembert beurre','569 Baaci Place','Equatorial Guinea','569 Baaci Place','Equatorial Guinea','29','1995-02-11','1995-02-11')
insert into order(version, id,order_id,customer_id,object_description,pickup_adress,pickup_country,delivery_adress,delivery_country,vehicle_id,etd,eta) values (1, 24,'50','50','Nutabreizh','999 Tohhij Pass','Liberia','999 Tohhij Pass','Liberia','50','1973-08-15','1973-08-15')
insert into order(version, id,order_id,customer_id,object_description,pickup_adress,pickup_country,delivery_adress,delivery_country,vehicle_id,etd,eta) values (1, 25,'37','37','sirop de Cannes canadou citron','736 Tuvo Road','Guadeloupe','736 Tuvo Road','Guadeloupe','37','1986-10-03','1986-10-03')
insert into order(version, id,order_id,customer_id,object_description,pickup_adress,pickup_country,delivery_adress,delivery_country,vehicle_id,etd,eta) values (1, 26,'58','58','wraps nature','1153 Foga Turnpike','Micronesia','1153 Foga Turnpike','Micronesia','58','1965-11-24','1965-11-24')
insert into order(version, id,order_id,customer_id,object_description,pickup_adress,pickup_country,delivery_adress,delivery_country,vehicle_id,etd,eta) values (1, 27,'89','89','Woodhaven','1764 Uswuz Trail','Tanzania','1764 Uswuz Trail','Tanzania','89','1935-04-30','1935-04-30')
insert into order(version, id,order_id,customer_id,object_description,pickup_adress,pickup_country,delivery_adress,delivery_country,vehicle_id,etd,eta) values (1, 28,'91','91','Daddy sirop d''agave bio','1818 Hivwe Point','Tristan da Cunha','1818 Hivwe Point','Tristan da Cunha','91','1932-08-07','1932-08-07')
insert into order(version, id,order_id,customer_id,object_description,pickup_adress,pickup_country,delivery_adress,delivery_country,vehicle_id,etd,eta) values (1, 29,'77','77','Cordon bleu','1541 Gugu Heights','Singapore','1541 Gugu Heights','Singapore','77','1946-06-21','1946-06-21')
insert into order(version, id,order_id,customer_id,object_description,pickup_adress,pickup_country,delivery_adress,delivery_country,vehicle_id,etd,eta) values (1, 30,'95','95','cal c tose','1898 Zede Point','United Kingdom','1898 Zede Point','United Kingdom','95','1928-08-03','1928-08-03')
insert into order(version, id,order_id,customer_id,object_description,pickup_adress,pickup_country,delivery_adress,delivery_country,vehicle_id,etd,eta) values (1, 31,'15','15','Kiwi-limoen aloe vera','299 Ralcul Place','Cambodia','299 Ralcul Place','Cambodia','15','2008-08-21','2008-08-21')
insert into order(version, id,order_id,customer_id,object_description,pickup_adress,pickup_country,delivery_adress,delivery_country,vehicle_id,etd,eta) values (1, 32,'51','51','Fourre cacao','1018 Turuhu Court','Liechtenstein','1018 Turuhu Court','Liechtenstein','51','1972-08-29','1972-08-29')
insert into order(version, id,order_id,customer_id,object_description,pickup_adress,pickup_country,delivery_adress,delivery_country,vehicle_id,etd,eta) values (1, 33,'66','66','Cider Paron (perencider) 4,5% Blik','1307 Omjo Highway','North Korea','1307 Omjo Highway','North Korea','66','1958-03-18','1958-03-18')
insert into order(version, id,order_id,customer_id,object_description,pickup_adress,pickup_country,delivery_adress,delivery_country,vehicle_id,etd,eta) values (1, 34,'32','32','Colorant alimentaire rouge groseille','630 Riggi Park','France','630 Riggi Park','France','32','1992-01-22','1992-01-22')
insert into order(version, id,order_id,customer_id,object_description,pickup_adress,pickup_country,delivery_adress,delivery_country,vehicle_id,etd,eta) values (1, 35,'80','80','Melange de fruits secs','1596 Sice Trail','South Georgia & South Sandwich Islands','1596 Sice Trail','South Georgia & South Sandwich Islands','80','1943-09-18','1943-09-18')
insert into order(version, id,order_id,customer_id,object_description,pickup_adress,pickup_country,delivery_adress,delivery_country,vehicle_id,etd,eta) values (1, 36,'10','10','Hamburguesa pollo rulo/cebolla','197 Fodin River','Benin','197 Fodin River','Benin','10','2013-10-12','2013-10-12')
insert into order(version, id,order_id,customer_id,object_description,pickup_adress,pickup_country,delivery_adress,delivery_country,vehicle_id,etd,eta) values (1, 37,'79','79','Micorwave Popcorn Salted','1579 Gegi Square','Somalia','1579 Gegi Square','Somalia','79','1944-07-26','1944-07-26')
insert into order(version, id,order_id,customer_id,object_description,pickup_adress,pickup_country,delivery_adress,delivery_country,vehicle_id,etd,eta) values (1, 38,'84','84','kerrygold pure Irish butter','1668 Kuve Park','St. Martin','1668 Kuve Park','St. Martin','84','1940-02-12','1940-02-12')
insert into order(version, id,order_id,customer_id,object_description,pickup_adress,pickup_country,delivery_adress,delivery_country,vehicle_id,etd,eta) values (1, 39,'95','95','Cebolla roja','1882 Lapa Boulevard','Uganda','1882 Lapa Boulevard','Uganda','95','1929-05-24','1929-05-24')
insert into order(version, id,order_id,customer_id,object_description,pickup_adress,pickup_country,delivery_adress,delivery_country,vehicle_id,etd,eta) values (1, 40,'33','33','Sea salt caramel','645 Zevvat Pass','French Polynesia','645 Zevvat Pass','French Polynesia','33','1991-04-28','1991-04-28')
insert into order(version, id,order_id,customer_id,object_description,pickup_adress,pickup_country,delivery_adress,delivery_country,vehicle_id,etd,eta) values (1, 41,'69','69','Pain allongé 9 grains','1380 Nabe Terrace','Paraguay','1380 Nabe Terrace','Paraguay','69','1954-07-20','1954-07-20')
insert into order(version, id,order_id,customer_id,object_description,pickup_adress,pickup_country,delivery_adress,delivery_country,vehicle_id,etd,eta) values (1, 42,'36','36','Mirabelle de Lorraine','717 Kaot Ridge','Greenland','717 Kaot Ridge','Greenland','36','1987-09-22','1987-09-22')
insert into order(version, id,order_id,customer_id,object_description,pickup_adress,pickup_country,delivery_adress,delivery_country,vehicle_id,etd,eta) values (1, 43,'83','83','Regal','1654 Tawuc View','St. Lucia','1654 Tawuc View','St. Lucia','83','1940-10-31','1940-10-31')
insert into order(version, id,order_id,customer_id,object_description,pickup_adress,pickup_country,delivery_adress,delivery_country,vehicle_id,etd,eta) values (1, 44,'30','30','tartinades de thon aubergones et olives','599 Ehgad Road','Falkland Islands','599 Ehgad Road','Falkland Islands','30','1993-08-24','1993-08-24')
insert into order(version, id,order_id,customer_id,object_description,pickup_adress,pickup_country,delivery_adress,delivery_country,vehicle_id,etd,eta) values (1, 45,'90','90','Spaghetti biologiqie','1798 Fajju View','Tonga','1798 Fajju View','Tonga','90','1933-08-15','1933-08-15')
insert into order(version, id,order_id,customer_id,object_description,pickup_adress,pickup_country,delivery_adress,delivery_country,vehicle_id,etd,eta) values (1, 46,'60','60','Fried onions','1198 Pave Extension','Morocco','1198 Pave Extension','Morocco','60','1963-08-29','1963-08-29')
insert into order(version, id,order_id,customer_id,object_description,pickup_adress,pickup_country,delivery_adress,delivery_country,vehicle_id,etd,eta) values (1, 47,'67','67','Corn Kernels','1341 Ispav Mill','Pakistan','1341 Ispav Mill','Pakistan','67','1956-06-26','1956-06-26')
insert into order(version, id,order_id,customer_id,object_description,pickup_adress,pickup_country,delivery_adress,delivery_country,vehicle_id,etd,eta) values (1, 48,'6','6','Spaghetti al pesto genovés','110 Haam Grove','Ascension Island','110 Haam Grove','Ascension Island','6','2018-02-20','2018-02-20')
insert into order(version, id,order_id,customer_id,object_description,pickup_adress,pickup_country,delivery_adress,delivery_country,vehicle_id,etd,eta) values (1, 49,'66','66','Skittles','1317 Iliat Glen','Northern Mariana Islands','1317 Iliat Glen','Northern Mariana Islands','66','1957-09-01','1957-09-01')
insert into order(version, id,order_id,customer_id,object_description,pickup_adress,pickup_country,delivery_adress,delivery_country,vehicle_id,etd,eta) values (1, 50,'15','15','chili beef burger','303 Dogo Road','Cambodia','303 Dogo Road','Cambodia','15','2008-06-20','2008-06-20')
insert into order(version, id,order_id,customer_id,object_description,pickup_adress,pickup_country,delivery_adress,delivery_country,vehicle_id,etd,eta) values (1, 51,'10','10','Clipsy','191 Wipir Pike','Belize','191 Wipir Pike','Belize','10','2014-01-30','2014-01-30')
insert into order(version, id,order_id,customer_id,object_description,pickup_adress,pickup_country,delivery_adress,delivery_country,vehicle_id,etd,eta) values (1, 52,'47','47','Pâte à tartiner','923 Iwage Parkway','Kazakhstan','923 Iwage Parkway','Kazakhstan','47','1977-06-05','1977-06-05')
insert into order(version, id,order_id,customer_id,object_description,pickup_adress,pickup_country,delivery_adress,delivery_country,vehicle_id,etd,eta) values (1, 53,'81','81','cake aux fruits','1605 Joopo Avenue','South Korea','1605 Joopo Avenue','South Korea','81','1943-03-30','1943-03-30')
insert into order(version, id,order_id,customer_id,object_description,pickup_adress,pickup_country,delivery_adress,delivery_country,vehicle_id,etd,eta) values (1, 54,'36','36','Roasted Monkey Nuts','718 Gojawu Trail','Greenland','718 Gojawu Trail','Greenland','36','1987-09-06','1987-09-06')
insert into order(version, id,order_id,customer_id,object_description,pickup_adress,pickup_country,delivery_adress,delivery_country,vehicle_id,etd,eta) values (1, 55,'51','51','Kebab poluet dinde','1008 Afigoh Path','Libya','1008 Afigoh Path','Libya','51','1973-02-24','1973-02-24')
insert into order(version, id,order_id,customer_id,object_description,pickup_adress,pickup_country,delivery_adress,delivery_country,vehicle_id,etd,eta) values (1, 56,'53','53','Pancakes','1052 Benom Terrace','Macedonia','1052 Benom Terrace','Macedonia','53','1970-12-22','1970-12-22')
insert into order(version, id,order_id,customer_id,object_description,pickup_adress,pickup_country,delivery_adress,delivery_country,vehicle_id,etd,eta) values (1, 57,'96','96','Lachs Kartoffelauflauf','1902 Jevak Lane','United Kingdom','1902 Jevak Lane','United Kingdom','96','1928-06-01','1928-06-01')
insert into order(version, id,order_id,customer_id,object_description,pickup_adress,pickup_country,delivery_adress,delivery_country,vehicle_id,etd,eta) values (1, 58,'57','57','Biscotte Muesli et Pépites d''Abricot','1128 Darhow Trail','Mauritius','1128 Darhow Trail','Mauritius','57','1967-03-02','1967-03-02')
insert into order(version, id,order_id,customer_id,object_description,pickup_adress,pickup_country,delivery_adress,delivery_country,vehicle_id,etd,eta) values (1, 59,'53','53','Pate a sucre','1050 Dupid Extension','Macedonia','1050 Dupid Extension','Macedonia','53','1971-01-12','1971-01-12')
insert into order(version, id,order_id,customer_id,object_description,pickup_adress,pickup_country,delivery_adress,delivery_country,vehicle_id,etd,eta) values (1, 60,'88','88','Pago fraise','1754 Como Manor','Tajikistan','1754 Como Manor','Tajikistan','88','1935-10-20','1935-10-20')
insert into order(version, id,order_id,customer_id,object_description,pickup_adress,pickup_country,delivery_adress,delivery_country,vehicle_id,etd,eta) values (1, 61,'83','83','Sel de table','1648 Iguni Drive','St. Kitts & Nevis','1648 Iguni Drive','St. Kitts & Nevis','83','1941-02-12','1941-02-12')
insert into order(version, id,order_id,customer_id,object_description,pickup_adress,pickup_country,delivery_adress,delivery_country,vehicle_id,etd,eta) values (1, 62,'7','7','Funny crisp','141 Pepal Lane','Bahamas','141 Pepal Lane','Bahamas','7','2016-07-23','2016-07-23')
insert into order(version, id,order_id,customer_id,object_description,pickup_adress,pickup_country,delivery_adress,delivery_country,vehicle_id,etd,eta) values (1, 63,'14','14','Arraw','265 Pukvoh Point','Brunei','265 Pukvoh Point','Brunei','14','2010-05-09','2010-05-09')
insert into order(version, id,order_id,customer_id,object_description,pickup_adress,pickup_country,delivery_adress,delivery_country,vehicle_id,etd,eta) values (1, 64,'55','55','mayonnaise','1088 Vegub Plaza','Mali','1088 Vegub Plaza','Mali','55','1969-03-01','1969-03-01')
insert into order(version, id,order_id,customer_id,object_description,pickup_adress,pickup_country,delivery_adress,delivery_country,vehicle_id,etd,eta) values (1, 65,'43','43','Le Gusto Basilikum gartenfrisch gefriergetrocknet','843 Rucwi Point','Iran','843 Rucwi Point','Iran','43','1981-06-04','1981-06-04')
insert into order(version, id,order_id,customer_id,object_description,pickup_adress,pickup_country,delivery_adress,delivery_country,vehicle_id,etd,eta) values (1, 66,'52','52','Corn flakes','1026 Agijit Manor','Lithuania','1026 Agijit Manor','Lithuania','52','1972-03-27','1972-03-27')
insert into order(version, id,order_id,customer_id,object_description,pickup_adress,pickup_country,delivery_adress,delivery_country,vehicle_id,etd,eta) values (1, 67,'43','43','Mont blanc saveur vanille','848 Loolu Pass','Iran','848 Loolu Pass','Iran','43','1981-02-26','1981-02-26')
insert into order(version, id,order_id,customer_id,object_description,pickup_adress,pickup_country,delivery_adress,delivery_country,vehicle_id,etd,eta) values (1, 68,'75','75','BioLassi','1492 Tupwov Path','São Tomé and Príncipe','1492 Tupwov Path','São Tomé and Príncipe','75','1948-12-08','1948-12-08')
insert into order(version, id,order_id,customer_id,object_description,pickup_adress,pickup_country,delivery_adress,delivery_country,vehicle_id,etd,eta) values (1, 69,'55','55','Pain de campagne','1086 Hidge Highway','Mali','1086 Hidge Highway','Mali','55','1969-04-10','1969-04-10')
insert into order(version, id,order_id,customer_id,object_description,pickup_adress,pickup_country,delivery_adress,delivery_country,vehicle_id,etd,eta) values (1, 70,'76','76','Huile de colza aromatise thym','1516 Liow Boulevard','Serbia','1516 Liow Boulevard','Serbia','76','1947-09-20','1947-09-20')
insert into order(version, id,order_id,customer_id,object_description,pickup_adress,pickup_country,delivery_adress,delivery_country,vehicle_id,etd,eta) values (1, 71,'41','41','Compota de naranja y genjibre','807 Vesa Point','Hong Kong SAR China','807 Vesa Point','Hong Kong SAR China','41','1983-03-25','1983-03-25')
insert into order(version, id,order_id,customer_id,object_description,pickup_adress,pickup_country,delivery_adress,delivery_country,vehicle_id,etd,eta) values (1, 72,'97','97','Nutrasart','1936 Wupik Plaza','Vanuatu','1936 Wupik Plaza','Vanuatu','97','1926-09-11','1926-09-11')
insert into order(version, id,order_id,customer_id,object_description,pickup_adress,pickup_country,delivery_adress,delivery_country,vehicle_id,etd,eta) values (1, 73,'89','89','Cordons bleus de volaille','1776 Dajsip Terrace','Timor-Leste','1776 Dajsip Terrace','Timor-Leste','89','1934-09-22','1934-09-22')
insert into order(version, id,order_id,customer_id,object_description,pickup_adress,pickup_country,delivery_adress,delivery_country,vehicle_id,etd,eta) values (1, 74,'69','69','Huvudroll','1381 Soof Avenue','Paraguay','1381 Soof Avenue','Paraguay','69','1954-06-30','1954-06-30')
insert into order(version, id,order_id,customer_id,object_description,pickup_adress,pickup_country,delivery_adress,delivery_country,vehicle_id,etd,eta) values (1, 75,'87','87','Cappuccino','1737 Aruzus Plaza','Syria','1737 Aruzus Plaza','Syria','87','1936-08-31','1936-08-31')
insert into order(version, id,order_id,customer_id,object_description,pickup_adress,pickup_country,delivery_adress,delivery_country,vehicle_id,etd,eta) values (1, 76,'61','61','Frische Vollmilch','1222 Ufeco Manor','Namibia','1222 Ufeco Manor','Namibia','61','1962-06-17','1962-06-17')
insert into order(version, id,order_id,customer_id,object_description,pickup_adress,pickup_country,delivery_adress,delivery_country,vehicle_id,etd,eta) values (1, 77,'66','66','pâte à tartiner','1311 Uneehi Loop','North Korea','1311 Uneehi Loop','North Korea','66','1957-12-18','1957-12-18')
insert into order(version, id,order_id,customer_id,object_description,pickup_adress,pickup_country,delivery_adress,delivery_country,vehicle_id,etd,eta) values (1, 78,'95','95','Sucette S piral Colours Goût Tutti Frutti','1896 Hahin River','United Arab Emirates','1896 Hahin River','United Arab Emirates','95','1928-09-12','1928-09-12')
insert into order(version, id,order_id,customer_id,object_description,pickup_adress,pickup_country,delivery_adress,delivery_country,vehicle_id,etd,eta) values (1, 79,'12','12','pruneau d''Agen','232 Zunago Street','Bosnia & Herzegovina','232 Zunago Street','Bosnia & Herzegovina','12','2012-01-07','2012-01-07')
insert into order(version, id,order_id,customer_id,object_description,pickup_adress,pickup_country,delivery_adress,delivery_country,vehicle_id,etd,eta) values (1, 80,'23','23','Tortilla chips fajitas','452 Joluk Way','Costa Rica','452 Joluk Way','Costa Rica','23','2000-12-29','2000-12-29')
insert into order(version, id,order_id,customer_id,object_description,pickup_adress,pickup_country,delivery_adress,delivery_country,vehicle_id,etd,eta) values (1, 81,'85','85','Barre chocolat noir - 85% cacao','1697 Goltu View','Suriname','1697 Goltu View','Suriname','85','1938-08-31','1938-08-31')
insert into order(version, id,order_id,customer_id,object_description,pickup_adress,pickup_country,delivery_adress,delivery_country,vehicle_id,etd,eta) values (1, 82,'94','94','Emmental français rapé','1862 Lupuwu Junction','U.S. Outlying Islands','1862 Lupuwu Junction','U.S. Outlying Islands','94','1930-05-28','1930-05-28')
insert into order(version, id,order_id,customer_id,object_description,pickup_adress,pickup_country,delivery_adress,delivery_country,vehicle_id,etd,eta) values (1, 83,'97','97','Modern Bakery Protein Slice Bread','1921 Reduz Turnpike','Uruguay','1921 Reduz Turnpike','Uruguay','97','1927-06-09','1927-06-09')
insert into order(version, id,order_id,customer_id,object_description,pickup_adress,pickup_country,delivery_adress,delivery_country,vehicle_id,etd,eta) values (1, 84,'43','43','Chocolat en poudre','857 Pubsav Square','Ireland','857 Pubsav Square','Ireland','43','1980-09-11','1980-09-11')
insert into order(version, id,order_id,customer_id,object_description,pickup_adress,pickup_country,delivery_adress,delivery_country,vehicle_id,etd,eta) values (1, 85,'51','51','Velouté de carottes','1008 Lullip Place','Libya','1008 Lullip Place','Libya','51','1973-02-19','1973-02-19')
insert into order(version, id,order_id,customer_id,object_description,pickup_adress,pickup_country,delivery_adress,delivery_country,vehicle_id,etd,eta) values (1, 86,'12','12','Préparation pour vin chaud à base de cassonade et d''épices','226 Abaudu Center','Bosnia & Herzegovina','226 Abaudu Center','Bosnia & Herzegovina','12','2012-04-25','2012-04-25')
insert into order(version, id,order_id,customer_id,object_description,pickup_adress,pickup_country,delivery_adress,delivery_country,vehicle_id,etd,eta) values (1, 87,'85','85','César MORONI chorizo','1688 Kettuj Loop','Sudan','1688 Kettuj Loop','Sudan','85','1939-02-16','1939-02-16')
insert into order(version, id,order_id,customer_id,object_description,pickup_adress,pickup_country,delivery_adress,delivery_country,vehicle_id,etd,eta) values (1, 88,'10','10','Velouté de potiron et graines de courge bio','204 Junib Circle','Bermuda','204 Junib Circle','Bermuda','10','2013-05-31','2013-05-31')
insert into order(version, id,order_id,customer_id,object_description,pickup_adress,pickup_country,delivery_adress,delivery_country,vehicle_id,etd,eta) values (1, 89,'79','79','Pain au levin','1564 Viobu Way','Slovenia','1564 Viobu Way','Slovenia','79','1945-04-25','1945-04-25')
insert into order(version, id,order_id,customer_id,object_description,pickup_adress,pickup_country,delivery_adress,delivery_country,vehicle_id,etd,eta) values (1, 90,'24','24','Longaniza blanca casera','469 Igfa Parkway','Croatia','469 Igfa Parkway','Croatia','24','2000-02-15','2000-02-15')
insert into order(version, id,order_id,customer_id,object_description,pickup_adress,pickup_country,delivery_adress,delivery_country,vehicle_id,etd,eta) values (1, 91,'22','22','sable tres cafe','440 Omuse River','Cook Islands','440 Omuse River','Cook Islands','22','2001-07-28','2001-07-28')
insert into order(version, id,order_id,customer_id,object_description,pickup_adress,pickup_country,delivery_adress,delivery_country,vehicle_id,etd,eta) values (1, 92,'5','5','L''Oustal des chips','101 Luwmo Heights','Aruba','101 Luwmo Heights','Aruba','5','2018-07-31','2018-07-31')
insert into order(version, id,order_id,customer_id,object_description,pickup_adress,pickup_country,delivery_adress,delivery_country,vehicle_id,etd,eta) values (1, 93,'16','16','Jamón de Teruel DOP','312 Pice Ridge','Cameroon','312 Pice Ridge','Cameroon','16','2008-01-07','2008-01-07')
insert into order(version, id,order_id,customer_id,object_description,pickup_adress,pickup_country,delivery_adress,delivery_country,vehicle_id,etd,eta) values (1, 94,'4','4','Assaisonnement Basque','76 Zuufa Grove','Antigua & Barbuda','76 Zuufa Grove','Antigua & Barbuda','4','2019-11-04','2019-11-04')
insert into order(version, id,order_id,customer_id,object_description,pickup_adress,pickup_country,delivery_adress,delivery_country,vehicle_id,etd,eta) values (1, 95,'11','11','Cacau Maigre','211 Agmo Circle','Bhutan','211 Agmo Circle','Bhutan','11','2013-01-15','2013-01-15')
insert into order(version, id,order_id,customer_id,object_description,pickup_adress,pickup_country,delivery_adress,delivery_country,vehicle_id,etd,eta) values (1, 96,'34','34','Ravioli 6 légumes','672 Fopav Trail','Gambia','672 Fopav Trail','Gambia','34','1989-12-30','1989-12-30')
insert into order(version, id,order_id,customer_id,object_description,pickup_adress,pickup_country,delivery_adress,delivery_country,vehicle_id,etd,eta) values (1, 97,'2','2','Aperol','31 Jibe Ridge','Algeria','31 Jibe Ridge','Algeria','2','2022-01-19','2022-01-19')
insert into order(version, id,order_id,customer_id,object_description,pickup_adress,pickup_country,delivery_adress,delivery_country,vehicle_id,etd,eta) values (1, 98,'37','37','Almondmilk Creamer with Coconut','723 Lojet Junction','Grenada','723 Lojet Junction','Grenada','37','1987-05-30','1987-05-30')
insert into order(version, id,order_id,customer_id,object_description,pickup_adress,pickup_country,delivery_adress,delivery_country,vehicle_id,etd,eta) values (1, 99,'55','55','Godis Chokladran','1095 Ukve Trail','Malta','1095 Ukve Trail','Malta','55','1968-10-11','1968-10-11')
insert into order(version, id,order_id,customer_id,object_description,pickup_adress,pickup_country,delivery_adress,delivery_country,vehicle_id,etd,eta) values (1, 100,'53','53','Nouilles vegetables','1054 Viipo Boulevard','Madagascar','1054 Viipo Boulevard','Madagascar','53','1970-10-31','1970-10-31')
insert into customer(version, id,customer_id,customer_firm,customer_street,customer_house_nr,customer_zIP,customer_city,customer_country,customer_firm_phone,customer_firm_mail,customer_contact_person,customer_contact_phone,customer_contact_mail) values (1, 1,'70','jigrormo','1395 Jigror Park','70','jigrormo','Wekviwik','Philippines','(762) 526-5961','eula.lane@jigrormo.ye','Eula Lane','(762) 526-5961','eula.lane@jigrormo.ye')
insert into customer(version, id,customer_id,customer_firm,customer_street,customer_house_nr,customer_zIP,customer_city,customer_country,customer_firm_phone,customer_firm_mail,customer_contact_person,customer_contact_phone,customer_contact_mail) values (1, 2,'11','zun','216 Zunnij Grove','11','zun','Wosilleg','Bhutan','(267) 955-5124','barry.rodriquez@zun.mm','Barry Rodriquez','(267) 955-5124','barry.rodriquez@zun.mm')
insert into customer(version, id,customer_id,customer_firm,customer_street,customer_house_nr,customer_zIP,customer_city,customer_country,customer_firm_phone,customer_firm_mail,customer_contact_person,customer_contact_phone,customer_contact_mail) values (1, 3,'51','capfad','1016 Capfad View','51','capfad','Ucaedaut','Liechtenstein','(680) 368-2192','eugenia.selvi@capfad.vn','Eugenia Selvi','(680) 368-2192','eugenia.selvi@capfad.vn')
insert into customer(version, id,customer_id,customer_firm,customer_street,customer_house_nr,customer_zIP,customer_city,customer_country,customer_firm_phone,customer_firm_mail,customer_contact_person,customer_contact_phone,customer_contact_mail) values (1, 4,'11','dec','214 Decde River','11','dec','Uddako','Bhutan','(281) 301-2039','alejandro.miles@dec.bn','Alejandro Miles','(281) 301-2039','alejandro.miles@dec.bn')
insert into customer(version, id,customer_id,customer_firm,customer_street,customer_house_nr,customer_zIP,customer_city,customer_country,customer_firm_phone,customer_firm_mail,customer_contact_person,customer_contact_phone,customer_contact_mail) values (1, 5,'53','bivo','1050 Bivo Way','53','bivo','Canvorac','Macedonia','(600) 616-7955','cora.tesi@bivo.yt','Cora Tesi','(600) 616-7955','cora.tesi@bivo.yt')
insert into customer(version, id,customer_id,customer_firm,customer_street,customer_house_nr,customer_zIP,customer_city,customer_country,customer_firm_phone,customer_firm_mail,customer_contact_person,customer_contact_phone,customer_contact_mail) values (1, 6,'87','judbilo','1734 Judbi Grove','87','judbilo','Igulahep','Syria','(882) 813-1374','marguerite.ishii@judbilo.gn','Marguerite Ishii','(882) 813-1374','marguerite.ishii@judbilo.gn')
insert into customer(version, id,customer_id,customer_firm,customer_street,customer_house_nr,customer_zIP,customer_city,customer_country,customer_firm_phone,customer_firm_mail,customer_contact_person,customer_contact_phone,customer_contact_mail) values (1, 7,'58','joraf','1143 Joraf Way','58','joraf','Peprafome','Mexico','(642) 665-1763','mildred.jacobs@joraf.wf','Mildred Jacobs','(642) 665-1763','mildred.jacobs@joraf.wf')
insert into customer(version, id,customer_id,customer_firm,customer_street,customer_house_nr,customer_zIP,customer_city,customer_country,customer_firm_phone,customer_firm_mail,customer_contact_person,customer_contact_phone,customer_contact_mail) values (1, 8,'15','kem','287 Kemdol Street','15','kem','Ohruzi','Burkina Faso','(383) 458-2132','gene.goodman@kem.tl','Gene Goodman','(383) 458-2132','gene.goodman@kem.tl')
insert into customer(version, id,customer_id,customer_firm,customer_street,customer_house_nr,customer_zIP,customer_city,customer_country,customer_firm_phone,customer_firm_mail,customer_contact_person,customer_contact_phone,customer_contact_mail) values (1, 9,'66','odeter','1302 Odeter Circle','66','odeter','Zudsova','Norfolk Island','(769) 335-6771','lettie.bennett@odeter.bb','Lettie Bennett','(769) 335-6771','lettie.bennett@odeter.bb')
insert into customer(version, id,customer_id,customer_firm,customer_street,customer_house_nr,customer_zIP,customer_city,customer_country,customer_firm_phone,customer_firm_mail,customer_contact_person,customer_contact_phone,customer_contact_mail) values (1, 10,'79','lisohuje','1563 Lisoh Square','79','lisohuje','Ceksohuje','Slovenia','(803) 586-8035','mabel.leach@lisohuje.vi','Mabel Leach','(803) 586-8035','mabel.leach@lisohuje.vi')
insert into customer(version, id,customer_id,customer_firm,customer_street,customer_house_nr,customer_zIP,customer_city,customer_country,customer_firm_phone,customer_firm_mail,customer_contact_person,customer_contact_phone,customer_contact_mail) values (1, 11,'42','duod','842 Duod Lane','42','duod','Ladudnu','Iran','(531) 919-2280','jordan.miccinesi@duod.gy','Jordan Miccinesi','(531) 919-2280','jordan.miccinesi@duod.gy')
insert into customer(version, id,customer_id,customer_firm,customer_street,customer_house_nr,customer_zIP,customer_city,customer_country,customer_firm_phone,customer_firm_mail,customer_contact_person,customer_contact_phone,customer_contact_mail) values (1, 12,'82','nowufpus','1624 Nowuf Plaza','82','nowufpus','Gipwufpus','Sri Lanka','(814) 667-8937','marie.parkes@nowufpus.ph','Marie Parkes','(814) 667-8937','marie.parkes@nowufpus.ph')
insert into customer(version, id,customer_id,customer_firm,customer_street,customer_house_nr,customer_zIP,customer_city,customer_country,customer_firm_phone,customer_firm_mail,customer_contact_person,customer_contact_phone,customer_contact_mail) values (1, 13,'67','kagu','1325 Kagu Loop','67','kagu','Dedguza','Norway','(713) 311-8766','rose.gray@kagu.hr','Rose Gray','(713) 311-8766','rose.gray@kagu.hr')
insert into customer(version, id,customer_id,customer_firm,customer_street,customer_house_nr,customer_zIP,customer_city,customer_country,customer_firm_phone,customer_firm_mail,customer_contact_person,customer_contact_phone,customer_contact_mail) values (1, 14,'16','fef','310 Feffo Grove','16','fef','Odgave','Cameroon','(381) 421-2371','garrett.stokes@fef.bg','Garrett Stokes','(381) 421-2371','garrett.stokes@fef.bg')
insert into customer(version, id,customer_id,customer_firm,customer_street,customer_house_nr,customer_zIP,customer_city,customer_country,customer_firm_phone,customer_firm_mail,customer_contact_person,customer_contact_phone,customer_contact_mail) values (1, 15,'95','derwogi','1888 Derwo Park','95','derwogi','Pahlosgi','Ukraine','(940) 463-7299','barbara.matthieu@derwogi.jm','Barbara Matthieu','(940) 463-7299','barbara.matthieu@derwogi.jm')
insert into customer(version, id,customer_id,customer_firm,customer_street,customer_house_nr,customer_zIP,customer_city,customer_country,customer_firm_phone,customer_firm_mail,customer_contact_person,customer_contact_phone,customer_contact_mail) values (1, 16,'75','wehovuce','1500 Wehovu Boulevard','75','wehovuce','Aresueba','Saudi Arabia','(777) 435-9570','jean.rhodes@wehovuce.gu','Jean Rhodes','(777) 435-9570','jean.rhodes@wehovuce.gu')
insert into customer(version, id,customer_id,customer_firm,customer_street,customer_house_nr,customer_zIP,customer_city,customer_country,customer_firm_phone,customer_firm_mail,customer_contact_person,customer_contact_phone,customer_contact_mail) values (1, 17,'50','zamum','984 Zamum Drive','50','zamum','Gookpaf','Lebanon','(517) 393-9630','jack.romoli@zamum.bw','Jack Romoli','(517) 393-9630','jack.romoli@zamum.bw')
insert into customer(version, id,customer_id,customer_firm,customer_street,customer_house_nr,customer_zIP,customer_city,customer_country,customer_firm_phone,customer_firm_mail,customer_contact_person,customer_contact_phone,customer_contact_mail) values (1, 18,'75','dunebuh','1497 Dune Parkway','75','dunebuh','Gawnebuh','Saudi Arabia','(711) 904-3669','pearl.holden@dunebuh.cr','Pearl Holden','(711) 904-3669','pearl.holden@dunebuh.cr')
insert into customer(version, id,customer_id,customer_firm,customer_street,customer_house_nr,customer_zIP,customer_city,customer_country,customer_firm_phone,customer_firm_mail,customer_contact_person,customer_contact_phone,customer_contact_mail) values (1, 19,'92','repiwid','1836 Repi Terrace','92','repiwid','Lihpiwid','Turkmenistan','(935) 404-4792','belle.montero@repiwid.si','Belle Montero','(935) 404-4792','belle.montero@repiwid.si')
insert into customer(version, id,customer_id,customer_firm,customer_street,customer_house_nr,customer_zIP,customer_city,customer_country,customer_firm_phone,customer_firm_mail,customer_contact_person,customer_contact_phone,customer_contact_mail) values (1, 20,'91','razuppa','1805 Razup Extension','91','razuppa','Lidzuppa','Trinidad & Tobago','(935) 267-8492','olive.molina@razuppa.ga','Olive Molina','(935) 267-8492','olive.molina@razuppa.ga')
insert into customer(version, id,customer_id,customer_firm,customer_street,customer_house_nr,customer_zIP,customer_city,customer_country,customer_firm_phone,customer_firm_mail,customer_contact_person,customer_contact_phone,customer_contact_mail) values (1, 21,'74','kulmenim','1477 Kulmen Junction','74','kulmenim','Zewekse','Samoa','(763) 948-4815','minerva.todd@kulmenim.ad','Minerva Todd','(763) 948-4815','minerva.todd@kulmenim.ad')
insert into customer(version, id,customer_id,customer_firm,customer_street,customer_house_nr,customer_zIP,customer_city,customer_country,customer_firm_phone,customer_firm_mail,customer_contact_person,customer_contact_phone,customer_contact_mail) values (1, 22,'10','ib','191 Ibca View','10','ib','Lunaor','Belize','(238) 240-2561','bobby.pearson@ib.kg','Bobby Pearson','(238) 240-2561','bobby.pearson@ib.kg')
insert into customer(version, id,customer_id,customer_firm,customer_street,customer_house_nr,customer_zIP,customer_city,customer_country,customer_firm_phone,customer_firm_mail,customer_contact_person,customer_contact_phone,customer_contact_mail) values (1, 23,'29','ba','569 Baaci Place','29','ba','Faromo','Equatorial Guinea','(410) 257-1723','larry.ciappi@ba.lk','Larry Ciappi','(410) 257-1723','larry.ciappi@ba.lk')
insert into customer(version, id,customer_id,customer_firm,customer_street,customer_house_nr,customer_zIP,customer_city,customer_country,customer_firm_phone,customer_firm_mail,customer_contact_person,customer_contact_phone,customer_contact_mail) values (1, 24,'50','tohhij','999 Tohhij Pass','50','tohhij','Vojogkiw','Liberia','(566) 726-3346','ronnie.salucci@tohhij.lv','Ronnie Salucci','(566) 726-3346','ronnie.salucci@tohhij.lv')
insert into customer(version, id,customer_id,customer_firm,customer_street,customer_house_nr,customer_zIP,customer_city,customer_country,customer_firm_phone,customer_firm_mail,customer_contact_person,customer_contact_phone,customer_contact_mail) values (1, 25,'37','tuvo','736 Tuvo Road','37','tuvo','Goborofu','Guadeloupe','(416) 906-7221','walter.grossi@tuvo.sa','Walter Grossi','(416) 906-7221','walter.grossi@tuvo.sa')
insert into customer(version, id,customer_id,customer_firm,customer_street,customer_house_nr,customer_zIP,customer_city,customer_country,customer_firm_phone,customer_firm_mail,customer_contact_person,customer_contact_phone,customer_contact_mail) values (1, 26,'58','foga','1153 Foga Turnpike','58','foga','Fapgasun','Micronesia','(611) 712-1562','frances.koopmans@foga.tw','Frances Koopmans','(611) 712-1562','frances.koopmans@foga.tw')
insert into customer(version, id,customer_id,customer_firm,customer_street,customer_house_nr,customer_zIP,customer_city,customer_country,customer_firm_phone,customer_firm_mail,customer_contact_person,customer_contact_phone,customer_contact_mail) values (1, 27,'89','uswuzzub','1764 Uswuz Trail','89','uswuzzub','Fuswuzzub','Tanzania','(919) 887-8542','frances.fujimoto@uswuzzub.jp','Frances Fujimoto','(919) 887-8542','frances.fujimoto@uswuzzub.jp')
insert into customer(version, id,customer_id,customer_firm,customer_street,customer_house_nr,customer_zIP,customer_city,customer_country,customer_firm_phone,customer_firm_mail,customer_contact_person,customer_contact_phone,customer_contact_mail) values (1, 28,'91','hivwerip','1818 Hivwe Point','91','hivwerip','Oginojrip','Tristan da Cunha','(982) 684-7650','olivia.vidal@hivwerip.vc','Olivia Vidal','(982) 684-7650','olivia.vidal@hivwerip.vc')
insert into customer(version, id,customer_id,customer_firm,customer_street,customer_house_nr,customer_zIP,customer_city,customer_country,customer_firm_phone,customer_firm_mail,customer_contact_person,customer_contact_phone,customer_contact_mail) values (1, 29,'77','gugusu','1541 Gugu Heights','77','gugusu','Gazgusu','Singapore','(811) 931-8202','edna.henry@gugusu.rw','Edna Henry','(811) 931-8202','edna.henry@gugusu.rw')
insert into customer(version, id,customer_id,customer_firm,customer_street,customer_house_nr,customer_zIP,customer_city,customer_country,customer_firm_phone,customer_firm_mail,customer_contact_person,customer_contact_phone,customer_contact_mail) values (1, 30,'95','zedekak','1898 Zede Point','95','zedekak','Jojdekak','United Kingdom','(927) 400-3928','lydia.brun@zedekak.md','Lydia Brun','(927) 400-3928','lydia.brun@zedekak.md')
insert into customer(version, id,customer_id,customer_firm,customer_street,customer_house_nr,customer_zIP,customer_city,customer_country,customer_firm_phone,customer_firm_mail,customer_contact_person,customer_contact_phone,customer_contact_mail) values (1, 31,'15','ral','299 Ralcul Place','15','ral','Vipiul','Cambodia','(365) 345-1498','jay.blake@ral.mk','Jay Blake','(365) 345-1498','jay.blake@ral.mk')
insert into customer(version, id,customer_id,customer_firm,customer_street,customer_house_nr,customer_zIP,customer_city,customer_country,customer_firm_phone,customer_firm_mail,customer_contact_person,customer_contact_phone,customer_contact_mail) values (1, 32,'51','turuhu','1018 Turuhu Court','51','turuhu','Towezedup','Liechtenstein','(656) 968-9869','isabel.serafini@turuhu.bh','Isabel Serafini','(656) 968-9869','isabel.serafini@turuhu.bh')
insert into customer(version, id,customer_id,customer_firm,customer_street,customer_house_nr,customer_zIP,customer_city,customer_country,customer_firm_phone,customer_firm_mail,customer_contact_person,customer_contact_phone,customer_contact_mail) values (1, 33,'66','omjo','1307 Omjo Highway','66','omjo','Lumjoda','North Korea','(739) 612-6585','rebecca.carter@omjo.et','Rebecca Carter','(739) 612-6585','rebecca.carter@omjo.et')
insert into customer(version, id,customer_id,customer_firm,customer_street,customer_house_nr,customer_zIP,customer_city,customer_country,customer_firm_phone,customer_firm_mail,customer_contact_person,customer_contact_phone,customer_contact_mail) values (1, 34,'32','rig','630 Riggi Park','32','rig','Injari','France','(485) 521-2687','maurice.fabbrini@rig.bh','Maurice Fabbrini','(485) 521-2687','maurice.fabbrini@rig.bh')
insert into customer(version, id,customer_id,customer_firm,customer_street,customer_house_nr,customer_zIP,customer_city,customer_country,customer_firm_phone,customer_firm_mail,customer_contact_person,customer_contact_phone,customer_contact_mail) values (1, 35,'80','sicewap','1596 Sice Trail','80','sicewap','Mincewap','South Georgia & South Sandwich Islands','(835) 620-3330','ollie.turnbull@sicewap.org','Ollie Turnbull','(835) 620-3330','ollie.turnbull@sicewap.org')
insert into customer(version, id,customer_id,customer_firm,customer_street,customer_house_nr,customer_zIP,customer_city,customer_country,customer_firm_phone,customer_firm_mail,customer_contact_person,customer_contact_phone,customer_contact_mail) values (1, 36,'10','fo','197 Fodin River','10','fo','Gasamzit','Benin','(211) 851-5960','jerry.hopkins@fo.mh','Jerry Hopkins','(211) 851-5960','jerry.hopkins@fo.mh')
insert into customer(version, id,customer_id,customer_firm,customer_street,customer_house_nr,customer_zIP,customer_city,customer_country,customer_firm_phone,customer_firm_mail,customer_contact_person,customer_contact_phone,customer_contact_mail) values (1, 37,'79','gegijap','1579 Gegi Square','79','gegijap','Haggijap','Somalia','(811) 311-5257','nora.lyons@gegijap.na','Nora Lyons','(811) 311-5257','nora.lyons@gegijap.na')
insert into customer(version, id,customer_id,customer_firm,customer_street,customer_house_nr,customer_zIP,customer_city,customer_country,customer_firm_phone,customer_firm_mail,customer_contact_person,customer_contact_phone,customer_contact_mail) values (1, 38,'84','kuvesa','1668 Kuve Park','84','kuvesa','Netvesa','St. Martin','(843) 836-3759','anne.weiß@kuvesa.pe','Anne Weiß','(843) 836-3759','anne.weiß@kuvesa.pe')
insert into customer(version, id,customer_id,customer_firm,customer_street,customer_house_nr,customer_zIP,customer_city,customer_country,customer_firm_phone,customer_firm_mail,customer_contact_person,customer_contact_phone,customer_contact_mail) values (1, 39,'95','lapahu','1882 Lapa Boulevard','95','lapahu','Febpahu','Uganda','(913) 235-1856','louise.gauthier@lapahu.mt','Louise Gauthier','(913) 235-1856','louise.gauthier@lapahu.mt')
insert into customer(version, id,customer_id,customer_firm,customer_street,customer_house_nr,customer_zIP,customer_city,customer_country,customer_firm_phone,customer_firm_mail,customer_contact_person,customer_contact_phone,customer_contact_mail) values (1, 40,'33','zev','645 Zevvat Pass','33','zev','Zoisdom','French Polynesia','(467) 487-7239','lloyd.fani@zev.ru','Lloyd Fani','(467) 487-7239','lloyd.fani@zev.ru')
insert into customer(version, id,customer_id,customer_firm,customer_street,customer_house_nr,customer_zIP,customer_city,customer_country,customer_firm_phone,customer_firm_mail,customer_contact_person,customer_contact_phone,customer_contact_mail) values (1, 41,'69','nabeaga','1380 Nabe Terrace','69','nabeaga','Jifbeaga','Paraguay','(724) 340-3634','maud.dunn@nabeaga.ni','Maud Dunn','(724) 340-3634','maud.dunn@nabeaga.ni')
insert into customer(version, id,customer_id,customer_firm,customer_street,customer_house_nr,customer_zIP,customer_city,customer_country,customer_firm_phone,customer_firm_mail,customer_contact_person,customer_contact_phone,customer_contact_mail) values (1, 42,'36','kaot','717 Kaot Ridge','36','kaot','Gejuwij','Greenland','(413) 229-8428','henry.gigli@kaot.ps','Henry Gigli','(413) 229-8428','henry.gigli@kaot.ps')
insert into customer(version, id,customer_id,customer_firm,customer_street,customer_house_nr,customer_zIP,customer_city,customer_country,customer_firm_phone,customer_firm_mail,customer_contact_person,customer_contact_phone,customer_contact_mail) values (1, 43,'83','tawuctuj','1654 Tawuc View','83','tawuctuj','Upajuctuj','St. Lucia','(886) 292-9749','virgie.werner@tawuctuj.cf','Virgie Werner','(886) 292-9749','virgie.werner@tawuctuj.cf')
insert into customer(version, id,customer_id,customer_firm,customer_street,customer_house_nr,customer_zIP,customer_city,customer_country,customer_firm_phone,customer_firm_mail,customer_contact_person,customer_contact_phone,customer_contact_mail) values (1, 44,'30','eh','599 Ehgad Road','30','eh','Fuzefo','Falkland Islands','(418) 472-1239','gregory.cozzi@eh.ru','Gregory Cozzi','(418) 472-1239','gregory.cozzi@eh.ru')
insert into customer(version, id,customer_id,customer_firm,customer_street,customer_house_nr,customer_zIP,customer_city,customer_country,customer_firm_phone,customer_firm_mail,customer_contact_person,customer_contact_phone,customer_contact_mail) values (1, 45,'90','fajjusuz','1798 Fajju View','90','fajjusuz','Zacleunu','Tonga','(961) 233-3461','lucinda.gil@fajjusuz.kr','Lucinda Gil','(961) 233-3461','lucinda.gil@fajjusuz.kr')
insert into customer(version, id,customer_id,customer_firm,customer_street,customer_house_nr,customer_zIP,customer_city,customer_country,customer_firm_phone,customer_firm_mail,customer_contact_person,customer_contact_phone,customer_contact_mail) values (1, 46,'60','pave','1198 Pave Extension','60','pave','Dicveed','Morocco','(605) 226-4037','gertrude.verbeek@pave.cc','Gertrude Verbeek','(605) 226-4037','gertrude.verbeek@pave.cc')
insert into customer(version, id,customer_id,customer_firm,customer_street,customer_house_nr,customer_zIP,customer_city,customer_country,customer_firm_phone,customer_firm_mail,customer_contact_person,customer_contact_phone,customer_contact_mail) values (1, 47,'67','ispaviw','1341 Ispav Mill','67','ispaviw','Duspaviw','Pakistan','(719) 765-1705','mattie.graham@ispaviw.gt','Mattie Graham','(719) 765-1705','mattie.graham@ispaviw.gt')
insert into customer(version, id,customer_id,customer_firm,customer_street,customer_house_nr,customer_zIP,customer_city,customer_country,customer_firm_phone,customer_firm_mail,customer_contact_person,customer_contact_phone,customer_contact_mail) values (1, 48,'6','ha','110 Haam Grove','6','ha','Kejuhib','Ascension Island','(232) 228-5539','bryan.shaw@ha.ee','Bryan Shaw','(232) 228-5539','bryan.shaw@ha.ee')
insert into customer(version, id,customer_id,customer_firm,customer_street,customer_house_nr,customer_zIP,customer_city,customer_country,customer_firm_phone,customer_firm_mail,customer_contact_person,customer_contact_phone,customer_contact_mail) values (1, 49,'66','iliat','1317 Iliat Glen','66','iliat','Vulmutma','Northern Mariana Islands','(768) 554-8377','essie.adams@iliat.cw','Essie Adams','(768) 554-8377','essie.adams@iliat.cw')
insert into customer(version, id,customer_id,customer_firm,customer_street,customer_house_nr,customer_zIP,customer_city,customer_country,customer_firm_phone,customer_firm_mail,customer_contact_person,customer_contact_phone,customer_contact_mail) values (1, 50,'15','do','303 Dogo Road','15','do','Dakartov','Cambodia','(311) 731-7079','gary.osborne@do.ga','Gary Osborne','(311) 731-7079','gary.osborne@do.ga')
insert into customer(version, id,customer_id,customer_firm,customer_street,customer_house_nr,customer_zIP,customer_city,customer_country,customer_firm_phone,customer_firm_mail,customer_contact_person,customer_contact_phone,customer_contact_mail) values (1, 51,'10','wi','191 Wipir Pike','10','wi','Borivon','Belize','(207) 554-6244','richard.silva@wi.lc','Richard Silva','(207) 554-6244','richard.silva@wi.lc')
insert into customer(version, id,customer_id,customer_firm,customer_street,customer_house_nr,customer_zIP,customer_city,customer_country,customer_firm_phone,customer_firm_mail,customer_contact_person,customer_contact_phone,customer_contact_mail) values (1, 52,'47','iwage','923 Iwage Parkway','47','iwage','Tugefpe','Kazakhstan','(558) 913-2855','dustin.pestelli@iwage.la','Dustin Pestelli','(558) 913-2855','dustin.pestelli@iwage.la')
insert into customer(version, id,customer_id,customer_firm,customer_street,customer_house_nr,customer_zIP,customer_city,customer_country,customer_firm_phone,customer_firm_mail,customer_contact_person,customer_contact_phone,customer_contact_mail) values (1, 53,'81','joopoju','1605 Joopo Avenue','81','joopoju','Mepopoju','South Korea','(832) 759-6654','henrietta.hilton@joopoju.pn','Henrietta Hilton','(832) 759-6654','henrietta.hilton@joopoju.pn')
insert into customer(version, id,customer_id,customer_firm,customer_street,customer_house_nr,customer_zIP,customer_city,customer_country,customer_firm_phone,customer_firm_mail,customer_contact_person,customer_contact_phone,customer_contact_mail) values (1, 54,'36','gojawu','718 Gojawu Trail','36','gojawu','Ofkotiwu','Greenland','(482) 736-8079','francisco.giordano@gojawu.tn','Francisco Giordano','(482) 736-8079','francisco.giordano@gojawu.tn')
insert into customer(version, id,customer_id,customer_firm,customer_street,customer_house_nr,customer_zIP,customer_city,customer_country,customer_firm_phone,customer_firm_mail,customer_contact_person,customer_contact_phone,customer_contact_mail) values (1, 55,'51','afigoh','1008 Afigoh Path','51','afigoh','Atarajip','Libya','(677) 345-2680','cynthia.sardi@afigoh.mm','Cynthia Sardi','(677) 345-2680','cynthia.sardi@afigoh.mm')
insert into customer(version, id,customer_id,customer_firm,customer_street,customer_house_nr,customer_zIP,customer_city,customer_country,customer_firm_phone,customer_firm_mail,customer_contact_person,customer_contact_phone,customer_contact_mail) values (1, 56,'53','benom','1052 Benom Terrace','53','benom','Fagnomezi','Macedonia','(610) 374-7581','lula.testi@benom.tj','Lula Testi','(610) 374-7581','lula.testi@benom.tj')
insert into customer(version, id,customer_id,customer_firm,customer_street,customer_house_nr,customer_zIP,customer_city,customer_country,customer_firm_phone,customer_firm_mail,customer_contact_person,customer_contact_phone,customer_contact_mail) values (1, 57,'96','jevakbe','1902 Jevak Lane','96','jevakbe','Ihelokbe','United Kingdom','(982) 583-8067','bess.lucas@jevakbe.cd','Bess Lucas','(982) 583-8067','bess.lucas@jevakbe.cd')
insert into customer(version, id,customer_id,customer_firm,customer_street,customer_house_nr,customer_zIP,customer_city,customer_country,customer_firm_phone,customer_firm_mail,customer_contact_person,customer_contact_phone,customer_contact_mail) values (1, 58,'57','darhow','1128 Darhow Trail','57','darhow','Ucatetilo','Mauritius','(680) 266-3167','linnie.driessen@darhow.tr','Linnie Driessen','(680) 266-3167','linnie.driessen@darhow.tr')
insert into customer(version, id,customer_id,customer_firm,customer_street,customer_house_nr,customer_zIP,customer_city,customer_country,customer_firm_phone,customer_firm_mail,customer_contact_person,customer_contact_phone,customer_contact_mail) values (1, 59,'53','dupid','1050 Dupid Extension','53','dupid','Fawpidba','Macedonia','(611) 955-4652','eva.tesi@dupid.cf','Eva Tesi','(611) 955-4652','eva.tesi@dupid.cf')
insert into customer(version, id,customer_id,customer_firm,customer_street,customer_house_nr,customer_zIP,customer_city,customer_country,customer_firm_phone,customer_firm_mail,customer_contact_person,customer_contact_phone,customer_contact_mail) values (1, 60,'88','comouc','1754 Como Manor','88','comouc','Narmouc','Tajikistan','(940) 714-8088','augusta.sakai@comouc.ee','Augusta Sakai','(940) 714-8088','augusta.sakai@comouc.ee')
insert into customer(version, id,customer_id,customer_firm,customer_street,customer_house_nr,customer_zIP,customer_city,customer_country,customer_firm_phone,customer_firm_mail,customer_contact_person,customer_contact_phone,customer_contact_mail) values (1, 61,'83','igunisi','1648 Iguni Drive','83','igunisi','Wugfinsi','St. Kitts & Nevis','(868) 481-5125','mathilda.schwarz@igunisi.ao','Mathilda Schwarz','(868) 481-5125','mathilda.schwarz@igunisi.ao')
insert into customer(version, id,customer_id,customer_firm,customer_street,customer_house_nr,customer_zIP,customer_city,customer_country,customer_firm_phone,customer_firm_mail,customer_contact_person,customer_contact_phone,customer_contact_mail) values (1, 62,'7','pe','141 Pepal Lane','7','pe','Jiumne','Bahamas','(225) 395-2772','joe.riley@pe.vu','Joe Riley','(225) 395-2772','joe.riley@pe.vu')
insert into customer(version, id,customer_id,customer_firm,customer_street,customer_house_nr,customer_zIP,customer_city,customer_country,customer_firm_phone,customer_firm_mail,customer_contact_person,customer_contact_phone,customer_contact_mail) values (1, 63,'14','puk','265 Pukvoh Point','14','puk','Zimopjof','Brunei','(365) 837-6888','leon.mcgee@puk.se','Leon McGee','(365) 837-6888','leon.mcgee@puk.se')
insert into customer(version, id,customer_id,customer_firm,customer_street,customer_house_nr,customer_zIP,customer_city,customer_country,customer_firm_phone,customer_firm_mail,customer_contact_person,customer_contact_phone,customer_contact_mail) values (1, 64,'55','vegub','1088 Vegub Plaza','55','vegub','Cofgubgok','Mali','(606) 352-8734','florence.viviani@vegub.no','Florence Viviani','(606) 352-8734','florence.viviani@vegub.no')
insert into customer(version, id,customer_id,customer_firm,customer_street,customer_house_nr,customer_zIP,customer_city,customer_country,customer_firm_phone,customer_firm_mail,customer_contact_person,customer_contact_phone,customer_contact_mail) values (1, 65,'43','rucwi','843 Rucwi Point','43','rucwi','Sicarwit','Iran','(555) 800-7339','lee.miceli@rucwi.pf','Lee Miceli','(555) 800-7339','lee.miceli@rucwi.pf')
insert into customer(version, id,customer_id,customer_firm,customer_street,customer_house_nr,customer_zIP,customer_city,customer_country,customer_firm_phone,customer_firm_mail,customer_contact_person,customer_contact_phone,customer_contact_mail) values (1, 66,'52','agijit','1026 Agijit Manor','52','agijit','Sogzeknew','Lithuania','(657) 357-3671','celia.sodi@agijit.iq','Celia Sodi','(657) 357-3671','celia.sodi@agijit.iq')
insert into customer(version, id,customer_id,customer_firm,customer_street,customer_house_nr,customer_zIP,customer_city,customer_country,customer_firm_phone,customer_firm_mail,customer_contact_person,customer_contact_phone,customer_contact_mail) values (1, 67,'43','loolu','848 Loolu Pass','43','loolu','Heewirar','Iran','(523) 789-5485','aaron.misuri@loolu.lu','Aaron Misuri','(523) 789-5485','aaron.misuri@loolu.lu')
insert into customer(version, id,customer_id,customer_firm,customer_street,customer_house_nr,customer_zIP,customer_city,customer_country,customer_firm_phone,customer_firm_mail,customer_contact_person,customer_contact_phone,customer_contact_mail) values (1, 68,'75','tupwovali','1492 Tupwov Path','75','tupwovali','Wowvossul','São Tomé and Príncipe','(766) 966-7387','fanny.parkinson@tupwovali.cw','Fanny Parkinson','(766) 966-7387','fanny.parkinson@tupwovali.cw')
insert into customer(version, id,customer_id,customer_firm,customer_street,customer_house_nr,customer_zIP,customer_city,customer_country,customer_firm_phone,customer_firm_mail,customer_contact_person,customer_contact_phone,customer_contact_mail) values (1, 69,'55','hidge','1086 Hidge Highway','55','hidge','Egikeki','Mali','(672) 613-2954','phoebe.vitale@hidge.fo','Phoebe Vitale','(672) 613-2954','phoebe.vitale@hidge.fo')
insert into customer(version, id,customer_id,customer_firm,customer_street,customer_house_nr,customer_zIP,customer_city,customer_country,customer_firm_phone,customer_firm_mail,customer_contact_person,customer_contact_phone,customer_contact_mail) values (1, 70,'76','liowci','1516 Liow Boulevard','76','liowci','Delowci','Serbia','(803) 549-9387','edith.brennan@liowci.ir','Edith Brennan','(803) 549-9387','edith.brennan@liowci.ir')
insert into customer(version, id,customer_id,customer_firm,customer_street,customer_house_nr,customer_zIP,customer_city,customer_country,customer_firm_phone,customer_firm_mail,customer_contact_person,customer_contact_phone,customer_contact_mail) values (1, 71,'41','vesa','807 Vesa Point','41','vesa','Jomiwu','Hong Kong SAR China','(526) 435-1819','jeremy.marilli@vesa.pf','Jeremy Marilli','(526) 435-1819','jeremy.marilli@vesa.pf')
insert into customer(version, id,customer_id,customer_firm,customer_street,customer_house_nr,customer_zIP,customer_city,customer_country,customer_firm_phone,customer_firm_mail,customer_contact_person,customer_contact_phone,customer_contact_mail) values (1, 72,'97','wupikdoh','1936 Wupik Plaza','97','wupikdoh','Motpikdoh','Vanuatu','(937) 855-5936','kathryn.huet@wupikdoh.by','Kathryn Huet','(937) 855-5936','kathryn.huet@wupikdoh.by')
insert into customer(version, id,customer_id,customer_firm,customer_street,customer_house_nr,customer_zIP,customer_city,customer_country,customer_firm_phone,customer_firm_mail,customer_contact_person,customer_contact_phone,customer_contact_mail) values (1, 73,'89','dajsiphaj','1776 Dajsip Terrace','89','dajsiphaj','Zadpitu','Timor-Leste','(960) 335-6192','lelia.matsuo@dajsiphaj.az','Lelia Matsuo','(960) 335-6192','lelia.matsuo@dajsiphaj.az')
insert into customer(version, id,customer_id,customer_firm,customer_street,customer_house_nr,customer_zIP,customer_city,customer_country,customer_firm_phone,customer_firm_mail,customer_contact_person,customer_contact_phone,customer_contact_mail) values (1, 74,'69','soofpe','1381 Soof Avenue','69','soofpe','Mitofpe','Paraguay','(735) 809-2611','virginia.woods@soofpe.ht','Virginia Woods','(735) 809-2611','virginia.woods@soofpe.ht')
insert into customer(version, id,customer_id,customer_firm,customer_street,customer_house_nr,customer_zIP,customer_city,customer_country,customer_firm_phone,customer_firm_mail,customer_contact_person,customer_contact_phone,customer_contact_mail) values (1, 75,'87','aruzusjas','1737 Aruzus Plaza','87','aruzusjas','Vorwowvec','Syria','(857) 797-7918','sally.aoki@aruzusjas.tc','Sally Aoki','(857) 797-7918','sally.aoki@aruzusjas.tc')
insert into customer(version, id,customer_id,customer_firm,customer_street,customer_house_nr,customer_zIP,customer_city,customer_country,customer_firm_phone,customer_firm_mail,customer_contact_person,customer_contact_phone,customer_contact_mail) values (1, 76,'61','ufeco','1222 Ufeco Manor','61','ufeco','Vufgamil','Namibia','(659) 331-1543','isabelle.deridder@ufeco.in','Isabelle de Ridder','(659) 331-1543','isabelle.deridder@ufeco.in')
insert into customer(version, id,customer_id,customer_firm,customer_street,customer_house_nr,customer_zIP,customer_city,customer_country,customer_firm_phone,customer_firm_mail,customer_contact_person,customer_contact_phone,customer_contact_mail) values (1, 77,'66','uneehi','1311 Uneehi Loop','66','uneehi','Sunuvni','North Korea','(759) 639-8597','rosie.murphy@uneehi.id','Rosie Murphy','(759) 639-8597','rosie.murphy@uneehi.id')
insert into customer(version, id,customer_id,customer_firm,customer_street,customer_house_nr,customer_zIP,customer_city,customer_country,customer_firm_phone,customer_firm_mail,customer_contact_person,customer_contact_phone,customer_contact_mail) values (1, 78,'95','hahinaba','1896 Hahin River','95','hahinaba','Pedhinaba','United Arab Emirates','(942) 352-4854','lou.meyer@hahinaba.gm','Lou Meyer','(942) 352-4854','lou.meyer@hahinaba.gm')
insert into customer(version, id,customer_id,customer_firm,customer_street,customer_house_nr,customer_zIP,customer_city,customer_country,customer_firm_phone,customer_firm_mail,customer_contact_person,customer_contact_phone,customer_contact_mail) values (1, 79,'12','zun','232 Zunago Street','12','zun','Rototwu','Bosnia & Herzegovina','(247) 867-8287','rodney.love@zun.ph','Rodney Love','(247) 867-8287','rodney.love@zun.ph')
insert into customer(version, id,customer_id,customer_firm,customer_street,customer_house_nr,customer_zIP,customer_city,customer_country,customer_firm_phone,customer_firm_mail,customer_contact_person,customer_contact_phone,customer_contact_mail) values (1, 80,'23','jo','452 Joluk Way','23','jo','Ceujuuh','Costa Rica','(302) 793-9936','kenneth.bianchini@jo.ws','Kenneth Bianchini','(302) 793-9936','kenneth.bianchini@jo.ws')
insert into customer(version, id,customer_id,customer_firm,customer_street,customer_house_nr,customer_zIP,customer_city,customer_country,customer_firm_phone,customer_firm_mail,customer_contact_person,customer_contact_phone,customer_contact_mail) values (1, 81,'85','goltuefo','1697 Goltu View','85','goltuefo','Varcouve','Suriname','(861) 740-6628','essie.dietrich@goltuefo.mn','Essie Dietrich','(861) 740-6628','essie.dietrich@goltuefo.mn')
insert into customer(version, id,customer_id,customer_firm,customer_street,customer_house_nr,customer_zIP,customer_city,customer_country,customer_firm_phone,customer_firm_mail,customer_contact_person,customer_contact_phone,customer_contact_mail) values (1, 82,'94','lupuwuzo','1862 Lupuwu Junction','94','lupuwuzo','Vetsuwkop','U.S. Outlying Islands','(953) 866-9992','leila.simon@lupuwuzo.gw','Leila Simon','(953) 866-9992','leila.simon@lupuwuzo.gw')
insert into customer(version, id,customer_id,customer_firm,customer_street,customer_house_nr,customer_zIP,customer_city,customer_country,customer_firm_phone,customer_firm_mail,customer_contact_person,customer_contact_phone,customer_contact_mail) values (1, 83,'97','reduzris','1921 Reduz Turnpike','97','reduzris','Fihduzris','Uruguay','(915) 491-8384','eva.pierre@reduzris.ee','Eva Pierre','(915) 491-8384','eva.pierre@reduzris.ee')
insert into customer(version, id,customer_id,customer_firm,customer_street,customer_house_nr,customer_zIP,customer_city,customer_country,customer_firm_phone,customer_firm_mail,customer_contact_person,customer_contact_phone,customer_contact_mail) values (1, 84,'43','pubsav','857 Pubsav Square','43','pubsav','Ulcunit','Ireland','(584) 909-6235','landon.moretti@pubsav.sk','Landon Moretti','(584) 909-6235','landon.moretti@pubsav.sk')
insert into customer(version, id,customer_id,customer_firm,customer_street,customer_house_nr,customer_zIP,customer_city,customer_country,customer_firm_phone,customer_firm_mail,customer_contact_person,customer_contact_phone,customer_contact_mail) values (1, 85,'51','lullip','1008 Lullip Place','51','lullip','Ejuojtom','Libya','(673) 849-4256','mittie.sardi@lullip.nf','Mittie Sardi','(673) 849-4256','mittie.sardi@lullip.nf')
insert into customer(version, id,customer_id,customer_firm,customer_street,customer_house_nr,customer_zIP,customer_city,customer_country,customer_firm_phone,customer_firm_mail,customer_contact_person,customer_contact_phone,customer_contact_mail) values (1, 86,'12','aba','226 Abaudu Center','12','aba','Wucuduc','Bosnia & Herzegovina','(268) 208-9643','corey.mcdaniel@aba.tc','Corey McDaniel','(268) 208-9643','corey.mcdaniel@aba.tc')
insert into customer(version, id,customer_id,customer_firm,customer_street,customer_house_nr,customer_zIP,customer_city,customer_country,customer_firm_phone,customer_firm_mail,customer_contact_person,customer_contact_phone,customer_contact_mail) values (1, 87,'85','kettujwo','1688 Kettuj Loop','85','kettujwo','Ijeopumo','Sudan','(873) 489-6641','hester.stein@kettujwo.eu','Hester Stein','(873) 489-6641','hester.stein@kettujwo.eu')
insert into customer(version, id,customer_id,customer_firm,customer_street,customer_house_nr,customer_zIP,customer_city,customer_country,customer_firm_phone,customer_firm_mail,customer_contact_person,customer_contact_phone,customer_contact_mail) values (1, 88,'10','ju','204 Junib Circle','10','ju','Nealidi','Bermuda','(243) 974-5539','danny.lowe@ju.sd','Danny Lowe','(243) 974-5539','danny.lowe@ju.sd')
insert into customer(version, id,customer_id,customer_firm,customer_street,customer_house_nr,customer_zIP,customer_city,customer_country,customer_firm_phone,customer_firm_mail,customer_contact_person,customer_contact_phone,customer_contact_mail) values (1, 89,'79','vioburez','1564 Viobu Way','79','vioburez','Fonoburez','Slovenia','(816) 699-1291','lillie.winter@vioburez.vi','Lillie Winter','(816) 699-1291','lillie.winter@vioburez.vi')
insert into customer(version, id,customer_id,customer_firm,customer_street,customer_house_nr,customer_zIP,customer_city,customer_country,customer_firm_phone,customer_firm_mail,customer_contact_person,customer_contact_phone,customer_contact_mail) values (1, 90,'24','ig','469 Igfa Parkway','24','ig','Fucare','Croatia','(319) 401-1090','brandon.borchi@ig.al','Brandon Borchi','(319) 401-1090','brandon.borchi@ig.al')
insert into customer(version, id,customer_id,customer_firm,customer_street,customer_house_nr,customer_zIP,customer_city,customer_country,customer_firm_phone,customer_firm_mail,customer_contact_person,customer_contact_phone,customer_contact_mail) values (1, 91,'22','omu','440 Omuse River','22','omu','Suodozu','Cook Islands','(359) 691-6408','isaac.bernardi@omu.bj','Isaac Bernardi','(359) 691-6408','isaac.bernardi@omu.bj')
insert into customer(version, id,customer_id,customer_firm,customer_street,customer_house_nr,customer_zIP,customer_city,customer_country,customer_firm_phone,customer_firm_mail,customer_contact_person,customer_contact_phone,customer_contact_mail) values (1, 92,'5','luw','101 Luwmo Heights','5','luw','Ejigihoc','Aruba','(273) 892-4646','clyde.crawford@luw.dz','Clyde Crawford','(273) 892-4646','clyde.crawford@luw.dz')
insert into customer(version, id,customer_id,customer_firm,customer_street,customer_house_nr,customer_zIP,customer_city,customer_country,customer_firm_phone,customer_firm_mail,customer_contact_person,customer_contact_phone,customer_contact_mail) values (1, 93,'16','pi','312 Pice Ridge','16','pi','Cigafhec','Cameroon','(304) 610-2881','paul.sherman@pi.cf','Paul Sherman','(304) 610-2881','paul.sherman@pi.cf')
insert into customer(version, id,customer_id,customer_firm,customer_street,customer_house_nr,customer_zIP,customer_city,customer_country,customer_firm_phone,customer_firm_mail,customer_contact_person,customer_contact_phone,customer_contact_mail) values (1, 94,'4','zu','76 Zuufa Grove','4','zu','Movufhe','Antigua & Barbuda','(237) 969-2900','craig.russell@zu.nz','Craig Russell','(237) 969-2900','craig.russell@zu.nz')
insert into customer(version, id,customer_id,customer_firm,customer_street,customer_house_nr,customer_zIP,customer_city,customer_country,customer_firm_phone,customer_firm_mail,customer_contact_person,customer_contact_phone,customer_contact_mail) values (1, 95,'11','ag','211 Agmo Circle','11','ag','Bojidis','Bhutan','(207) 424-6468','john.sutton@ag.ee','John Sutton','(207) 424-6468','john.sutton@ag.ee')
insert into customer(version, id,customer_id,customer_firm,customer_street,customer_house_nr,customer_zIP,customer_city,customer_country,customer_firm_phone,customer_firm_mail,customer_contact_person,customer_contact_phone,customer_contact_mail) values (1, 96,'34','fopav','672 Fopav Trail','34','fopav','Odvatije','Gambia','(481) 661-8179','francisco.formigli@fopav.tn','Francisco Formigli','(481) 661-8179','francisco.formigli@fopav.tn')
insert into customer(version, id,customer_id,customer_firm,customer_street,customer_house_nr,customer_zIP,customer_city,customer_country,customer_firm_phone,customer_firm_mail,customer_contact_person,customer_contact_phone,customer_contact_mail) values (1, 97,'2','ji','31 Jibe Ridge','2','ji','Degawu','Algeria','(212) 510-3444','gary.baker@ji.cf','Gary Baker','(212) 510-3444','gary.baker@ji.cf')
insert into customer(version, id,customer_id,customer_firm,customer_street,customer_house_nr,customer_zIP,customer_city,customer_country,customer_firm_phone,customer_firm_mail,customer_contact_person,customer_contact_phone,customer_contact_mail) values (1, 98,'37','lojet','723 Lojet Junction','37','lojet','Netegkir','Grenada','(433) 862-3076','earl.giovannoni@lojet.ge','Earl Giovannoni','(433) 862-3076','earl.giovannoni@lojet.ge')
insert into customer(version, id,customer_id,customer_firm,customer_street,customer_house_nr,customer_zIP,customer_city,customer_country,customer_firm_phone,customer_firm_mail,customer_contact_person,customer_contact_phone,customer_contact_mail) values (1, 99,'55','ukve','1095 Ukve Trail','55','ukve','Fukveura','Malta','(619) 506-4452','helen.zanieri@ukve.tn','Helen Zanieri','(619) 506-4452','helen.zanieri@ukve.tn')
insert into customer(version, id,customer_id,customer_firm,customer_street,customer_house_nr,customer_zIP,customer_city,customer_country,customer_firm_phone,customer_firm_mail,customer_contact_person,customer_contact_phone,customer_contact_mail) values (1, 100,'53','viipo','1054 Viipo Boulevard','53','viipo','Gomipova','Madagascar','(616) 688-6883','agnes.toccafondi@viipo.ae','Agnes Toccafondi','(616) 688-6883','agnes.toccafondi@viipo.ae')
insert into vehicle(version, id,vehicle_id,vehicle_name,vehicle_type,vehicle_max_weiht,vehicle_max_length,vehicle_max_width,vehicle_max_height,vehicle_comment) values (1, 1,'70','zun capfad','jigrormo','7','70','70','70','Merormo vifeko nevewof cirip pos wive hetoc bipace zuomiti ki ewepi pizalane kaki evenogepe efazuga gamfow.')
insert into vehicle(version, id,vehicle_id,vehicle_name,vehicle_type,vehicle_max_weiht,vehicle_max_length,vehicle_max_width,vehicle_max_height,vehicle_comment) values (1, 2,'11','capfad dec','zun','2','11','11','11','Unireja mihzurat ugifu we izohu mien guk uczaho gazenapi cuslemcaw tob vifelitod.')
insert into vehicle(version, id,vehicle_id,vehicle_name,vehicle_type,vehicle_max_weiht,vehicle_max_length,vehicle_max_width,vehicle_max_height,vehicle_comment) values (1, 3,'51','dec bivo','capfad','6','51','51','51','Gofadabi bipa ferab ruduhre wuvohu lakeh binav ipa wo unu dibed ucoju po je oh.')
insert into vehicle(version, id,vehicle_id,vehicle_name,vehicle_type,vehicle_max_weiht,vehicle_max_length,vehicle_max_width,vehicle_max_height,vehicle_comment) values (1, 4,'11','bivo judbilo','dec','2','11','11','11','Gadejeg cisi atafuca mo potwe wooro sidikmow pifodefe ace wahebar mon cive.')
insert into vehicle(version, id,vehicle_id,vehicle_name,vehicle_type,vehicle_max_weiht,vehicle_max_length,vehicle_max_width,vehicle_max_height,vehicle_comment) values (1, 5,'53','judbilo joraf','bivo','6','53','53','53','Sa umaliwe nowdafde caaw zoje decvafpe abe row tihep meffol liebehiw aziadwa gojo dolseku falagum.')
insert into vehicle(version, id,vehicle_id,vehicle_name,vehicle_type,vehicle_max_weiht,vehicle_max_length,vehicle_max_width,vehicle_max_height,vehicle_comment) values (1, 6,'87','joraf kem','judbilo','9','87','87','87','Edbilo anida ucsoje urutac ufisosuj ib wesa cavibu fe avvofwiv gob huv bowvenun jigwernud faw ama taf mu.')
insert into vehicle(version, id,vehicle_id,vehicle_name,vehicle_type,vehicle_max_weiht,vehicle_max_length,vehicle_max_width,vehicle_max_height,vehicle_comment) values (1, 7,'58','kem odeter','joraf','6','58','58','58','Tocez jubpaba bitiho ece elamo dapatda mat ojoviwu ked ofdo wewacu va no po falbajme.')
insert into vehicle(version, id,vehicle_id,vehicle_name,vehicle_type,vehicle_max_weiht,vehicle_max_length,vehicle_max_width,vehicle_max_height,vehicle_comment) values (1, 8,'15','odeter lisohuje','kem','2','15','15','15','Kidolove ozzis ot wikif huf ozvovac siiluza on pedasnag lut tikmuju febazi.')
insert into vehicle(version, id,vehicle_id,vehicle_name,vehicle_type,vehicle_max_weiht,vehicle_max_length,vehicle_max_width,vehicle_max_height,vehicle_comment) values (1, 9,'66','lisohuje duod','odeter','7','66','66','66','Fenkocte diepo fecek cido siz op sehzu nisan nusoigu fujomu pu sotusu gez zoviwugi onuzih efegabu.')
insert into vehicle(version, id,vehicle_id,vehicle_name,vehicle_type,vehicle_max_weiht,vehicle_max_length,vehicle_max_width,vehicle_max_height,vehicle_comment) values (1, 10,'79','duod nowufpus','lisohuje','8','79','79','79','Nu kuzku ot gad re uli giise ne ufhehri bur rozhewlam gijdad dilzab luno vawiju badvu wu.')
insert into vehicle(version, id,vehicle_id,vehicle_name,vehicle_type,vehicle_max_weiht,vehicle_max_length,vehicle_max_width,vehicle_max_height,vehicle_comment) values (1, 11,'42','nowufpus kagu','duod','5','42','42','42','Ocfek verhiit ohfo muwvi cipa lipe mulsob jesufka hevguccip ca lo gusikij kosole de.')
insert into vehicle(version, id,vehicle_id,vehicle_name,vehicle_type,vehicle_max_weiht,vehicle_max_length,vehicle_max_width,vehicle_max_height,vehicle_comment) values (1, 12,'82','kagu fef','nowufpus','9','82','82','82','To golzovsac ge fuv duha fewafu fekhe emoud rukjaajo pudow soafaopo reguz tugdedhus la pu koddid woknig.')
insert into vehicle(version, id,vehicle_id,vehicle_name,vehicle_type,vehicle_max_weiht,vehicle_max_length,vehicle_max_width,vehicle_max_height,vehicle_comment) values (1, 13,'67','fef derwogi','kagu','7','67','67','67','Fa mob pa cawlodlaf ipudnad jidkoena covtez odidup lu sihucjim monce wi wu pavuj ezijuz hurejub.')
insert into vehicle(version, id,vehicle_id,vehicle_name,vehicle_type,vehicle_max_weiht,vehicle_max_length,vehicle_max_width,vehicle_max_height,vehicle_comment) values (1, 14,'16','derwogi wehovuce','fef','2','16','16','16','Jefouj ul kam no aw dapbo fuserib kubi fuwlawvi efwo ip jeg kumzije.')
insert into vehicle(version, id,vehicle_id,vehicle_name,vehicle_type,vehicle_max_weiht,vehicle_max_length,vehicle_max_width,vehicle_max_height,vehicle_comment) values (1, 15,'95','wehovuce zamum','derwogi','10','95','95','95','Jowo pigak luponire bavpactu ewurenu egatilco vun zidba juwa gamwaho bo ujo oro faketi tifun ogoosvos rarag refjanzu.')
insert into vehicle(version, id,vehicle_id,vehicle_name,vehicle_type,vehicle_max_weiht,vehicle_max_length,vehicle_max_width,vehicle_max_height,vehicle_comment) values (1, 16,'75','zamum dunebuh','wehovuce','8','75','75','75','Jenivame owri couci ji ibcumgu ug ka rewi dipnoksar seta foad tijleve arguwtud okopetcos takji le ohinok.')
insert into vehicle(version, id,vehicle_id,vehicle_name,vehicle_type,vehicle_max_weiht,vehicle_max_length,vehicle_max_width,vehicle_max_height,vehicle_comment) values (1, 17,'50','dunebuh repiwid','zamum','5','50','50','50','Fuk fadjeje bamuife fo oz mizki nuhut danfeh goldudgu jugziwu ganucaj vukgiwlu ekogo vamu uhmo.')
insert into vehicle(version, id,vehicle_id,vehicle_name,vehicle_type,vehicle_max_weiht,vehicle_max_length,vehicle_max_width,vehicle_max_height,vehicle_comment) values (1, 18,'75','repiwid razuppa','dunebuh','8','75','75','75','Ob pakec pal iwvedoc hodra amivuf pow dasewih zed nor pabpeh nis vazapmah rashas ilo geifvut petfize.')
insert into vehicle(version, id,vehicle_id,vehicle_name,vehicle_type,vehicle_max_weiht,vehicle_max_length,vehicle_max_width,vehicle_max_height,vehicle_comment) values (1, 19,'92','razuppa kulmenim','repiwid','10','92','92','92','Jalir abwu fibsitgel wopo jikudu zejanro sodmutta ni li puomam giwa siolo dugab aviikeja tepkuz jetahak rohboche bun.')
insert into vehicle(version, id,vehicle_id,vehicle_name,vehicle_type,vehicle_max_weiht,vehicle_max_length,vehicle_max_width,vehicle_max_height,vehicle_comment) values (1, 20,'91','kulmenim ib','razuppa','10','91','91','91','Dostal ze lovok du sov vib epoipra gib ohpiwa zonga oshujic juzob padav umnahma uk hazuw hais ek.')
insert into vehicle(version, id,vehicle_id,vehicle_name,vehicle_type,vehicle_max_weiht,vehicle_max_length,vehicle_max_width,vehicle_max_height,vehicle_comment) values (1, 21,'74','ib ba','kulmenim','8','74','74','74','Olmenim bo fo cacjujaw keuc ragpa upmuz get erungu edi ulwece voj buwel rore metzut fi utokif.')
insert into vehicle(version, id,vehicle_id,vehicle_name,vehicle_type,vehicle_max_weiht,vehicle_max_length,vehicle_max_width,vehicle_max_height,vehicle_comment) values (1, 22,'10','ba tohhij','ib','1','10','10','10','Bicor kikrok soc sew jizmek gukure gicodku sij fe nengis tu jokvad.')
insert into vehicle(version, id,vehicle_id,vehicle_name,vehicle_type,vehicle_max_weiht,vehicle_max_length,vehicle_max_width,vehicle_max_height,vehicle_comment) values (1, 23,'29','tohhij tuvo','ba','3','29','29','29','Di mozinki pakikja nuvok finofap licba gamane favbaflik bewotzas poihi ako zah geruwnas.')
insert into vehicle(version, id,vehicle_id,vehicle_name,vehicle_type,vehicle_max_weiht,vehicle_max_length,vehicle_max_width,vehicle_max_height,vehicle_comment) values (1, 24,'50','tuvo foga','tohhij','5','50','50','50','Wepreize ez lomtu is dofir do til ecaati bo ezauhi rupwuja huzatowit jonobe but nihgeguj.')
insert into vehicle(version, id,vehicle_id,vehicle_name,vehicle_type,vehicle_max_weiht,vehicle_max_length,vehicle_max_width,vehicle_max_height,vehicle_comment) values (1, 25,'37','foga uswuzzub','tuvo','4','37','37','37','Obo ofulafi wotvac balfesel gob he oz jet beb tenup febidlur diihim fiozi vorri.')
insert into vehicle(version, id,vehicle_id,vehicle_name,vehicle_type,vehicle_max_weiht,vehicle_max_length,vehicle_max_width,vehicle_max_height,vehicle_comment) values (1, 26,'58','uswuzzub hivwerip','foga','6','58','58','58','Ta on ogeowelon zelo ug kale numo emobige obli wifdip ekazadaf acume ukico vugdom su ise.')
insert into vehicle(version, id,vehicle_id,vehicle_name,vehicle_type,vehicle_max_weiht,vehicle_max_length,vehicle_max_width,vehicle_max_height,vehicle_comment) values (1, 27,'89','hivwerip gugusu','uswuzzub','9','89','89','89','Zus isunubo jiib ija mu noj segargic gugowo ohehi jer nubezup farlazsud guc wo ifozum amifi fuda ahonewufo.')
insert into vehicle(version, id,vehicle_id,vehicle_name,vehicle_type,vehicle_max_weiht,vehicle_max_length,vehicle_max_width,vehicle_max_height,vehicle_comment) values (1, 28,'91','gugusu zedekak','hivwerip','10','91','91','91','Suwerip opitdep og neukewal vime doahe gosem kikzab ju gim zuwuvta zilucol zadugwa nauti ciuf hu wi diide.')
insert into vehicle(version, id,vehicle_id,vehicle_name,vehicle_type,vehicle_max_weiht,vehicle_max_length,vehicle_max_width,vehicle_max_height,vehicle_comment) values (1, 29,'77','zedekak ral','gugusu','8','77','77','77','Uh jit ozonawoj ofihaz aw nim borubit kuwcabzet sizropma buzmu ikasew suv civa bajek tuen janogap ew.')
insert into vehicle(version, id,vehicle_id,vehicle_name,vehicle_type,vehicle_max_weiht,vehicle_max_length,vehicle_max_width,vehicle_max_height,vehicle_comment) values (1, 30,'95','ral turuhu','zedekak','10','95','95','95','Lac kak cezif fecranep cu uro miclih budce ob ihauti ruoh ijibader te tezud bavfi erunuba melgaznew mov.')
insert into vehicle(version, id,vehicle_id,vehicle_name,vehicle_type,vehicle_max_weiht,vehicle_max_length,vehicle_max_width,vehicle_max_height,vehicle_comment) values (1, 31,'15','turuhu omjo','ral','2','15','15','15','Finulate im no fovto haf se ov si rilcibe woukme olu facpec culna.')
insert into vehicle(version, id,vehicle_id,vehicle_name,vehicle_type,vehicle_max_weiht,vehicle_max_length,vehicle_max_width,vehicle_max_height,vehicle_comment) values (1, 32,'51','omjo rig','turuhu','6','51','51','51','Irujud weneglaj mozodjun fuz uri fevawdah jejbujov awfiwo vu jecoh hepu kilujige vujuika vap fuzuba.')
insert into vehicle(version, id,vehicle_id,vehicle_name,vehicle_type,vehicle_max_weiht,vehicle_max_length,vehicle_max_width,vehicle_max_height,vehicle_comment) values (1, 33,'66','rig sicewap','omjo','7','66','66','66','Rahjad hul wu imwo pitmusmi bocbuab to ve koomu hec fewidir lofon jo menegfib jaframcok jenlik.')
insert into vehicle(version, id,vehicle_id,vehicle_name,vehicle_type,vehicle_max_weiht,vehicle_max_length,vehicle_max_width,vehicle_max_height,vehicle_comment) values (1, 34,'32','sicewap fo','rig','4','32','32','32','Medriaju jekcaki mabtac an zojowe pa ci sivube lupoho jugazuje tobcaz ipeza hagen sonkilow.')
insert into vehicle(version, id,vehicle_id,vehicle_name,vehicle_type,vehicle_max_weiht,vehicle_max_length,vehicle_max_width,vehicle_max_height,vehicle_comment) values (1, 35,'80','fo gegijap','sicewap','8','80','80','80','Secir ben newo tuukajal nouv re zitizev zanep kakuh pugos wabta cil zi uzolufew eg ipe gu.')
insert into vehicle(version, id,vehicle_id,vehicle_name,vehicle_type,vehicle_max_weiht,vehicle_max_length,vehicle_max_width,vehicle_max_height,vehicle_comment) values (1, 36,'10','gegijap kuvesa','fo','1','10','10','10','An rol verbijfa ahweoce ovageow widkezehu unatowgaj hektegwi iwawi luvag suf hemgefid.')
insert into vehicle(version, id,vehicle_id,vehicle_name,vehicle_type,vehicle_max_weiht,vehicle_max_length,vehicle_max_width,vehicle_max_height,vehicle_comment) values (1, 37,'79','kuvesa lapahu','gegijap','8','79','79','79','Ha ah tat zuvulhep ka sited hog ukoraoli it geesa ecsihot upuoc zipfebud boges pode zeforeb esuhelud.')
insert into vehicle(version, id,vehicle_id,vehicle_name,vehicle_type,vehicle_max_weiht,vehicle_max_length,vehicle_max_width,vehicle_max_height,vehicle_comment) values (1, 38,'84','lapahu zev','kuvesa','9','84','84','84','Ajkin fag jesob mobcawrel civuzuz irpol teli ofe egov ezgipgug mo jihka iskih vu migbit ujfonba ad.')
insert into vehicle(version, id,vehicle_id,vehicle_name,vehicle_type,vehicle_max_weiht,vehicle_max_length,vehicle_max_width,vehicle_max_height,vehicle_comment) values (1, 39,'95','zev nabeaga','lapahu','10','95','95','95','Be cetiw gorvi es ipihipemo sa lor cev zenen tewigzah ve hezto juzlazhu koolobi ovku newehwit awecuiju ga.')
insert into vehicle(version, id,vehicle_id,vehicle_name,vehicle_type,vehicle_max_weiht,vehicle_max_length,vehicle_max_width,vehicle_max_height,vehicle_comment) values (1, 40,'33','nabeaga kaot','zev','4','33','33','33','Kusdomisu je rekutfep camgitur lo ikasubun henvul wopik je zi uramaha tabbati ume kij.')
insert into vehicle(version, id,vehicle_id,vehicle_name,vehicle_type,vehicle_max_weiht,vehicle_max_length,vehicle_max_width,vehicle_max_height,vehicle_comment) values (1, 41,'69','kaot tawuctuj','nabeaga','7','69','69','69','Gi et vo dahbehev kot ekaekjal reok ho zobtusov mi resoji vedotzoc faecu lazu ruunougi zam.')
insert into vehicle(version, id,vehicle_id,vehicle_name,vehicle_type,vehicle_max_weiht,vehicle_max_length,vehicle_max_width,vehicle_max_height,vehicle_comment) values (1, 42,'36','tawuctuj eh','kaot','4','36','36','36','De wijlawdin si fub giwtocvo pobmoj muwogod moc su homa kod codmit we busdowhi.')
insert into vehicle(version, id,vehicle_id,vehicle_name,vehicle_type,vehicle_max_weiht,vehicle_max_length,vehicle_max_width,vehicle_max_height,vehicle_comment) values (1, 43,'83','eh fajjusuz','tawuctuj','9','83','83','83','Cugdupkas is ad gow epucul gupgepog lakdi lap me riroz ac ke nucori fulburmi ku nas te.')
insert into vehicle(version, id,vehicle_id,vehicle_name,vehicle_type,vehicle_max_weiht,vehicle_max_length,vehicle_max_width,vehicle_max_height,vehicle_comment) values (1, 44,'30','fajjusuz pave','eh','3','30','30','30','Kof ag siruhu ledul do et he fofeg cakumla fizi godkij lo igu puwassag.')
insert into vehicle(version, id,vehicle_id,vehicle_name,vehicle_type,vehicle_max_weiht,vehicle_max_length,vehicle_max_width,vehicle_max_height,vehicle_comment) values (1, 45,'90','pave ispaviw','fajjusuz','9','90','90','90','Dejusuz akhot elsieme lo madki kehir tiskehjud wedav amjates ig kogohsew imcepid naho une hevopmes kevuhuna nueb eco.')
insert into vehicle(version, id,vehicle_id,vehicle_name,vehicle_type,vehicle_max_weiht,vehicle_max_length,vehicle_max_width,vehicle_max_height,vehicle_comment) values (1, 46,'60','ispaviw ha','pave','6','60','60','60','Cep edjoz itpop mobivtu tobfelu fowhi fivemag casjano teklor ivmewpu ehi jezuag zekaca ribsetwi cefma su.')
insert into vehicle(version, id,vehicle_id,vehicle_name,vehicle_type,vehicle_max_weiht,vehicle_max_length,vehicle_max_width,vehicle_max_height,vehicle_comment) values (1, 47,'67','ha iliat','ispaviw','7','67','67','67','Wom nuw fagu mer difin bu ug ebenahav ker hiwkine ha aw edowaw cumajpa fepdu aha.')
insert into vehicle(version, id,vehicle_id,vehicle_name,vehicle_type,vehicle_max_weiht,vehicle_max_length,vehicle_max_width,vehicle_max_height,vehicle_comment) values (1, 48,'6','iliat do','ha','1','6','6','6','Bepen fom ov vejliv ani jar fiscawug fot iwadot foodu ruuzpa gamna.')
insert into vehicle(version, id,vehicle_id,vehicle_name,vehicle_type,vehicle_max_weiht,vehicle_max_length,vehicle_max_width,vehicle_max_height,vehicle_comment) values (1, 49,'66','do wi','iliat','7','66','66','66','Pikageno dog gidcuben lu ekov so ef lab eg gan ol mehmesbu usirallot lifotgu le mapuma.')
insert into vehicle(version, id,vehicle_id,vehicle_name,vehicle_type,vehicle_max_weiht,vehicle_max_length,vehicle_max_width,vehicle_max_height,vehicle_comment) values (1, 50,'15','wi iwage','do','2','15','15','15','Ve ano kutenar magtas cahaco oheme ig ne wuwmu loareho ar muk conifuk.')
insert into vehicle(version, id,vehicle_id,vehicle_name,vehicle_type,vehicle_max_weiht,vehicle_max_length,vehicle_max_width,vehicle_max_height,vehicle_comment) values (1, 51,'10','iwage joopoju','wi','1','10','10','10','Nil sismu camifiz tiatovis doz tiuspam fukugo nozdajne upoim zi irhut jot.')
insert into vehicle(version, id,vehicle_id,vehicle_name,vehicle_type,vehicle_max_weiht,vehicle_max_length,vehicle_max_width,vehicle_max_height,vehicle_comment) values (1, 52,'47','joopoju gojawu','iwage','5','47','47','47','Ifeji joabu fe wusefras dooju sakla ewvekac zez husohbi mof jenoc oznova zaevajad canjekhe be.')
insert into vehicle(version, id,vehicle_id,vehicle_name,vehicle_type,vehicle_max_weiht,vehicle_max_length,vehicle_max_width,vehicle_max_height,vehicle_comment) values (1, 53,'81','gojawu afigoh','joopoju','9','81','81','81','Vitob wif oca ifwehlez tigesomi jabwun baj cuab wec azef hisutol ma wic wivibjog zo kaj wuese.')
insert into vehicle(version, id,vehicle_id,vehicle_name,vehicle_type,vehicle_max_weiht,vehicle_max_length,vehicle_max_width,vehicle_max_height,vehicle_comment) values (1, 54,'36','afigoh benom','gojawu','4','36','36','36','Weawuesi ujebeule befi jewobemo ro awava egu unesegpi apused delrumne wiak ojtiv uca bekuh.')
insert into vehicle(version, id,vehicle_id,vehicle_name,vehicle_type,vehicle_max_weiht,vehicle_max_length,vehicle_max_width,vehicle_max_height,vehicle_comment) values (1, 55,'51','benom jevakbe','afigoh','6','51','51','51','Fimvetim or po vograbti fatcoj iljuddez munuw vuwehsi iv danviedu muv arito ladtaw pekuv emo.')
insert into vehicle(version, id,vehicle_id,vehicle_name,vehicle_type,vehicle_max_weiht,vehicle_max_length,vehicle_max_width,vehicle_max_height,vehicle_comment) values (1, 56,'53','jevakbe darhow','benom','6','53','53','53','Ho puvriz ipacci kijej fiwecuzi julefo cofcacsim wuljoal upmuri jo biilomah pun luvokfo fobrup tefuse.')
insert into vehicle(version, id,vehicle_id,vehicle_name,vehicle_type,vehicle_max_weiht,vehicle_max_length,vehicle_max_width,vehicle_max_height,vehicle_comment) values (1, 57,'96','darhow dupid','jevakbe','10','96','96','96','Luakbe api zopvogol sunecami vu ujbaece zugginlof gi deddoogi depnom unupa zo lof uriki wavazo vuduka nit rurisop.')
insert into vehicle(version, id,vehicle_id,vehicle_name,vehicle_type,vehicle_max_weiht,vehicle_max_length,vehicle_max_width,vehicle_max_height,vehicle_comment) values (1, 58,'57','dupid comouc','darhow','6','57','57','57','Bohowpok ot pekhesjad gar ag foroka peepiv kercirfis gerima olofovan jamjaiw lahizeji sicapde eki fidjaf.')
insert into vehicle(version, id,vehicle_id,vehicle_name,vehicle_type,vehicle_max_weiht,vehicle_max_length,vehicle_max_width,vehicle_max_height,vehicle_comment) values (1, 59,'53','comouc igunisi','dupid','6','53','53','53','In fafo ko wajenego pazmehkop wamez zin jekba afpuida motazu haz tevditeg nara patwaw gewviza.')
insert into vehicle(version, id,vehicle_id,vehicle_name,vehicle_type,vehicle_max_weiht,vehicle_max_length,vehicle_max_width,vehicle_max_height,vehicle_comment) values (1, 60,'88','igunisi pe','comouc','9','88','88','88','Vaak jisizcok doapo te zecpup dal cer umsul ozu wet utuci rik zahoizo titvi udom virehniz vasu bezwilah.')
insert into vehicle(version, id,vehicle_id,vehicle_name,vehicle_type,vehicle_max_weiht,vehicle_max_length,vehicle_max_width,vehicle_max_height,vehicle_comment) values (1, 61,'83','pe puk','igunisi','9','83','83','83','Judsasag heclafbe bulehibu omo zuve uv ne za tivgiphup vanlebaf wuz lanotiz loarva juzficke zuvbumo ifafi to.')
insert into vehicle(version, id,vehicle_id,vehicle_name,vehicle_type,vehicle_max_weiht,vehicle_max_length,vehicle_max_width,vehicle_max_height,vehicle_comment) values (1, 62,'7','puk vegub','pe','1','7','7','7','Hum lo ran celbehot usalolok pogpuhlif set mojab gor venoek nuwofgij bosag.')
insert into vehicle(version, id,vehicle_id,vehicle_name,vehicle_type,vehicle_max_weiht,vehicle_max_length,vehicle_max_width,vehicle_max_height,vehicle_comment) values (1, 63,'14','vegub rucwi','puk','2','14','14','14','Akoverwo pozbawwu hemcor lih bupraloj turmu gi oj ipi fimat az kopocbad.')
insert into vehicle(version, id,vehicle_id,vehicle_name,vehicle_type,vehicle_max_weiht,vehicle_max_length,vehicle_max_width,vehicle_max_height,vehicle_comment) values (1, 64,'55','rucwi agijit','vegub','6','55','55','55','Gif vamacno puweca wowelig iciorepog nozdi udifu humi es zatgaken gu firpoj ohueda dim tabatzuv.')
insert into vehicle(version, id,vehicle_id,vehicle_name,vehicle_type,vehicle_max_weiht,vehicle_max_length,vehicle_max_width,vehicle_max_height,vehicle_comment) values (1, 65,'43','agijit loolu','rucwi','5','43','43','43','Acapom macnervar losog numolip nik jes otravso ug ceute ba alaom raeju bapak mirib.')
insert into vehicle(version, id,vehicle_id,vehicle_name,vehicle_type,vehicle_max_weiht,vehicle_max_length,vehicle_max_width,vehicle_max_height,vehicle_comment) values (1, 66,'52','loolu tupwovali','agijit','6','52','52','52','Hismu iglic eso turjopor peca sebeceh ewwakhem docre mofufmen em gij pow ofiwi sojotdi wodobneb.')
insert into vehicle(version, id,vehicle_id,vehicle_name,vehicle_type,vehicle_max_weiht,vehicle_max_length,vehicle_max_width,vehicle_max_height,vehicle_comment) values (1, 67,'43','tupwovali hidge','loolu','5','43','43','43','Tu imwala wuno fefnat nutovvec iho epji puv nejgute zeh ozakepih gebugser line lorihumi.')
insert into vehicle(version, id,vehicle_id,vehicle_name,vehicle_type,vehicle_max_weiht,vehicle_max_length,vehicle_max_width,vehicle_max_height,vehicle_comment) values (1, 68,'75','hidge liowci','tupwovali','8','75','75','75','Opozunpig pownohve ucator siwvujif sibo nip ged ri ukpe ili pa zobetob fibtaser sauro vehit huvru viz.')
insert into vehicle(version, id,vehicle_id,vehicle_name,vehicle_type,vehicle_max_weiht,vehicle_max_length,vehicle_max_width,vehicle_max_height,vehicle_comment) values (1, 69,'55','liowci vesa','hidge','6','55','55','55','Sagenu fu pajarloc wutku acoh codbe ti wuf zeolo na tib edrestu bi uvotuog fa.')
insert into vehicle(version, id,vehicle_id,vehicle_name,vehicle_type,vehicle_max_weiht,vehicle_max_length,vehicle_max_width,vehicle_max_height,vehicle_comment) values (1, 70,'76','vesa wupikdoh','liowci','8','76','76','76','Ni bakvefap damiwoz higusehi fifwa lonuco binfimos kum zutjus so mibvuku pok villavna wupuciz ira dezwurep gasehij.')
insert into vehicle(version, id,vehicle_id,vehicle_name,vehicle_type,vehicle_max_weiht,vehicle_max_length,vehicle_max_width,vehicle_max_height,vehicle_comment) values (1, 71,'41','wupikdoh dajsiphaj','vesa','5','41','41','41','Ken evi igaih cupas ohe du ibe kikcirfu delato tawidus pig cuolela gulseg hovdutba.')
insert into vehicle(version, id,vehicle_id,vehicle_name,vehicle_type,vehicle_max_weiht,vehicle_max_length,vehicle_max_width,vehicle_max_height,vehicle_comment) values (1, 72,'97','dajsiphaj soofpe','wupikdoh','10','97','97','97','Enimoc fuwokaro po bo ipe sulopa powo coov zon poh bi siehivi catsobfe poro coativib nosihcod fofantub et.')
insert into vehicle(version, id,vehicle_id,vehicle_name,vehicle_type,vehicle_max_weiht,vehicle_max_length,vehicle_max_width,vehicle_max_height,vehicle_comment) values (1, 73,'89','soofpe aruzusjas','dajsiphaj','9','89','89','89','Fesiphaj vak ju mesde lofo cedrocec dudagu kiev sa him isnetep tasnoz hebjebzoh jonhukis ribbiz fowmemig nis mopocit.')
insert into vehicle(version, id,vehicle_id,vehicle_name,vehicle_type,vehicle_max_weiht,vehicle_max_length,vehicle_max_width,vehicle_max_height,vehicle_comment) values (1, 74,'69','aruzusjas ufeco','soofpe','7','69','69','69','Abubi mo duc lecisiteg jinupod ho ficam kup pocov ow rebzakfe zecofup bokuas ularucom pewcapar evcu.')
insert into vehicle(version, id,vehicle_id,vehicle_name,vehicle_type,vehicle_max_weiht,vehicle_max_length,vehicle_max_width,vehicle_max_height,vehicle_comment) values (1, 75,'87','ufeco uneehi','aruzusjas','9','87','87','87','Wusiso wu jepebmav hitip rapoci jebba mo cenwuze fu maluzgih fipojab guzo jawow unitiij ba gufjakat subodpa wojun.')
insert into vehicle(version, id,vehicle_id,vehicle_name,vehicle_type,vehicle_max_weiht,vehicle_max_length,vehicle_max_width,vehicle_max_height,vehicle_comment) values (1, 76,'61','uneehi hahinaba','ufeco','7','61','61','61','Gefak puza sethe gikju du ci di hatum ardopbaf pa tuk rad zunobi hedon lag wedtoser.')
insert into vehicle(version, id,vehicle_id,vehicle_name,vehicle_type,vehicle_max_weiht,vehicle_max_length,vehicle_max_width,vehicle_max_height,vehicle_comment) values (1, 77,'66','hahinaba zun','uneehi','7','66','66','66','Sezjik tihume jacet ganfune sebap kocug arda lelov anuv ig ap di kemwipu tidbu ra hezwasci.')
insert into vehicle(version, id,vehicle_id,vehicle_name,vehicle_type,vehicle_max_weiht,vehicle_max_length,vehicle_max_width,vehicle_max_height,vehicle_comment) values (1, 78,'95','zun jo','hahinaba','10','95','95','95','Fimi bajisvu tuhwendaf hepuaz isini muanoku tovgaac jupjifmi pepah jigapkuc ge pebe jorep wuwuzme numepham nu bonuv rajum.')
insert into vehicle(version, id,vehicle_id,vehicle_name,vehicle_type,vehicle_max_weiht,vehicle_max_length,vehicle_max_width,vehicle_max_height,vehicle_comment) values (1, 79,'12','jo goltuefo','zun','2','12','12','12','Enohov jad we odatode icujutwe esifuj pehriwku kadij fowsejoz luwarine fudor ero.')
insert into vehicle(version, id,vehicle_id,vehicle_name,vehicle_type,vehicle_max_weiht,vehicle_max_length,vehicle_max_width,vehicle_max_height,vehicle_comment) values (1, 80,'23','goltuefo lupuwuzo','jo','3','23','23','23','Vu muhkid aw ug necnav isho rufmisneh hekrucha wabo dom fapeplu ado nugliw.')
insert into vehicle(version, id,vehicle_id,vehicle_name,vehicle_type,vehicle_max_weiht,vehicle_max_length,vehicle_max_width,vehicle_max_height,vehicle_comment) values (1, 81,'85','lupuwuzo reduzris','goltuefo','9','85','85','85','Wituefo imzo ropcevbil vohi ewe hauz tarowumu tijacih cahu ruk wikgus ter afaemi ca zezzuc ginit nuzi.')
insert into vehicle(version, id,vehicle_id,vehicle_name,vehicle_type,vehicle_max_weiht,vehicle_max_length,vehicle_max_width,vehicle_max_height,vehicle_comment) values (1, 82,'94','reduzris pubsav','lupuwuzo','10','94','94','94','Apuwu ted jape tu odukoho ruzicuk cuvaw po sitvat ambilhu za bonhohav bojmuk fudopin zodtavur dohkibpuw di ce.')
insert into vehicle(version, id,vehicle_id,vehicle_name,vehicle_type,vehicle_max_weiht,vehicle_max_length,vehicle_max_width,vehicle_max_height,vehicle_comment) values (1, 83,'97','pubsav lullip','reduzris','10','97','97','97','Kud onijipihe soco jiddirjob jijovo jugzopdid litaf ap jeozi favozti kuw omhi gudgivabu hapal zuzuka wate bulreg uczazev.')
insert into vehicle(version, id,vehicle_id,vehicle_name,vehicle_type,vehicle_max_weiht,vehicle_max_length,vehicle_max_width,vehicle_max_height,vehicle_comment) values (1, 84,'43','lullip aba','pubsav','5','43','43','43','Ubsavtef mivnunu hub so soso ni negjalhoj donzijol elufofif enuig ro fukmuhi nu lotil.')
insert into vehicle(version, id,vehicle_id,vehicle_name,vehicle_type,vehicle_max_weiht,vehicle_max_length,vehicle_max_width,vehicle_max_height,vehicle_comment) values (1, 85,'51','aba kettujwo','lullip','6','51','51','51','Elliprej gibic kug sufigi gugute idijuniwa oh ipo menafco awip ruweli bebwezji vuhkaw puh rictinpih.')
insert into vehicle(version, id,vehicle_id,vehicle_name,vehicle_type,vehicle_max_weiht,vehicle_max_length,vehicle_max_width,vehicle_max_height,vehicle_comment) values (1, 86,'12','kettujwo ju','aba','2','12','12','12','Bavducma kesatki huco evuok juhe howfisew sovvo totuv iw beme nu zi.')
insert into vehicle(version, id,vehicle_id,vehicle_name,vehicle_type,vehicle_max_weiht,vehicle_max_length,vehicle_max_width,vehicle_max_height,vehicle_comment) values (1, 87,'85','ju vioburez','kettujwo','9','85','85','85','Kutujwo dav kiokha hoj ti zigo laz jeetgiv viz dopimad fapuvaona cafutrus mokomdu rujkip gewvuvi renses ollimil.')
insert into vehicle(version, id,vehicle_id,vehicle_name,vehicle_type,vehicle_max_weiht,vehicle_max_length,vehicle_max_width,vehicle_max_height,vehicle_comment) values (1, 88,'10','vioburez ig','ju','1','10','10','10','Itpa di emezeku avrozuk he ak adu nato limekmuk zic luj muut.')
insert into vehicle(version, id,vehicle_id,vehicle_name,vehicle_type,vehicle_max_weiht,vehicle_max_length,vehicle_max_width,vehicle_max_height,vehicle_comment) values (1, 89,'79','ig omu','vioburez','8','79','79','79','Ruw une wofbihuhu aj teh wib zudi hulvorgi ju mah ehe howdugoh ag ron ris onuiwovu soemro.')
insert into vehicle(version, id,vehicle_id,vehicle_name,vehicle_type,vehicle_max_weiht,vehicle_max_length,vehicle_max_width,vehicle_max_height,vehicle_comment) values (1, 90,'24','omu luw','ig','3','24','24','24','Jad koh we uzjaf zutaahi ete zapsaata epa siwofimi bivses mor ulnasok haj.')
insert into vehicle(version, id,vehicle_id,vehicle_name,vehicle_type,vehicle_max_weiht,vehicle_max_length,vehicle_max_width,vehicle_max_height,vehicle_comment) values (1, 91,'22','luw pi','omu','3','22','22','22','Rudjow lunebuh geor kecliddoc po bihdar urtuvuh ipimaad dujlec tufu fuzvuvkob ije ruurilor.')
insert into vehicle(version, id,vehicle_id,vehicle_name,vehicle_type,vehicle_max_weiht,vehicle_max_length,vehicle_max_width,vehicle_max_height,vehicle_comment) values (1, 92,'5','pi zu','luw','1','5','5','5','Ewmosa napo fomwahe mojdal ujo me kakin ti emgolbo ekupoc uhzuwfe zeha.')
insert into vehicle(version, id,vehicle_id,vehicle_name,vehicle_type,vehicle_max_weiht,vehicle_max_length,vehicle_max_width,vehicle_max_height,vehicle_comment) values (1, 93,'16','zu ag','pi','2','16','16','16','Sa we vu wetutook do ve gebiig ciemgil hiz ge jokasu vus gofona.')
insert into vehicle(version, id,vehicle_id,vehicle_name,vehicle_type,vehicle_max_weiht,vehicle_max_length,vehicle_max_width,vehicle_max_height,vehicle_comment) values (1, 94,'4','ag fopav','zu','1','4','4','4','Urube lis fuknurif jetvic cowonwap pincozfiz dig gockoda ase hovoc keehe itafej.')
insert into vehicle(version, id,vehicle_id,vehicle_name,vehicle_type,vehicle_max_weiht,vehicle_max_length,vehicle_max_width,vehicle_max_height,vehicle_comment) values (1, 95,'11','fopav ji','ag','2','11','11','11','Jek roule jijpep sojzo fa hetjo bac reowe fuwjajo jup sagava nezwiba.')
insert into vehicle(version, id,vehicle_id,vehicle_name,vehicle_type,vehicle_max_weiht,vehicle_max_length,vehicle_max_width,vehicle_max_height,vehicle_comment) values (1, 96,'34','ji lojet','fopav','4','34','34','34','Toavleg mibgo vumvega hohtif muwubfag af ge benefi baod jor ho si jake dofdo.')
insert into vehicle(version, id,vehicle_id,vehicle_name,vehicle_type,vehicle_max_weiht,vehicle_max_length,vehicle_max_width,vehicle_max_height,vehicle_comment) values (1, 97,'2','lojet ukve','ji','1','2','2','2','Ma wu akusimjuv epecekco don lo japo uzuerohu cipeh gi toz ihu.')
insert into vehicle(version, id,vehicle_id,vehicle_name,vehicle_type,vehicle_max_weiht,vehicle_max_length,vehicle_max_width,vehicle_max_height,vehicle_comment) values (1, 98,'37','ukve viipo','lojet','4','37','37','37','Aphu vih tipco pouwo uvoli direftag jemce cesakno kaz zudvat suvha zu avi ucopefke.')
insert into vehicle(version, id,vehicle_id,vehicle_name,vehicle_type,vehicle_max_weiht,vehicle_max_length,vehicle_max_width,vehicle_max_height,vehicle_comment) values (1, 99,'55','viipo apuwibem','ukve','6','55','55','55','Map uravo saclefi ce jowoka velrakho dutbur suz rabcuwe gapero paz jejlo mivji dueta ih.')
insert into vehicle(version, id,vehicle_id,vehicle_name,vehicle_type,vehicle_max_weiht,vehicle_max_length,vehicle_max_width,vehicle_max_height,vehicle_comment) values (1, 100,'53','apuwibem nine','viipo','6','53','53','53','Ruw bofzeg gen daitpuw egom mus gi uglet nufdip fosowa jigjufe ruczal rom sis jaj.')
insert into role_user(version, id,user_id,user_name,user_occupation,user_role,user_mail,user_phone) values (1, 1,'70','Eula Lane','Insurance Clerk','Worker','eula.lane@jigrormo.ye','(762) 526-5961')
insert into role_user(version, id,user_id,user_name,user_occupation,user_role,user_mail,user_phone) values (1, 2,'11','Barry Rodriquez','Mortarman','Manager','barry.rodriquez@zun.mm','(267) 955-5124')
insert into role_user(version, id,user_id,user_name,user_occupation,user_role,user_mail,user_phone) values (1, 3,'51','Eugenia Selvi','Beer Coil Cleaner','External','eugenia.selvi@capfad.vn','(680) 368-2192')
insert into role_user(version, id,user_id,user_name,user_occupation,user_role,user_mail,user_phone) values (1, 4,'11','Alejandro Miles','Scale Attendant','Worker','alejandro.miles@dec.bn','(281) 301-2039')
insert into role_user(version, id,user_id,user_name,user_occupation,user_role,user_mail,user_phone) values (1, 5,'53','Cora Tesi','Clinical Audiologist','Supervisor','cora.tesi@bivo.yt','(600) 616-7955')
insert into role_user(version, id,user_id,user_name,user_occupation,user_role,user_mail,user_phone) values (1, 6,'87','Marguerite Ishii','Parking Meter Collector','Supervisor','marguerite.ishii@judbilo.gn','(882) 813-1374')
insert into role_user(version, id,user_id,user_name,user_occupation,user_role,user_mail,user_phone) values (1, 7,'58','Mildred Jacobs','Business Unit Manager','Manager','mildred.jacobs@joraf.wf','(642) 665-1763')
insert into role_user(version, id,user_id,user_name,user_occupation,user_role,user_mail,user_phone) values (1, 8,'15','Gene Goodman','Technical Communicator','External','gene.goodman@kem.tl','(383) 458-2132')
insert into role_user(version, id,user_id,user_name,user_occupation,user_role,user_mail,user_phone) values (1, 9,'66','Lettie Bennett','Correctional Officer Sergeant','Worker','lettie.bennett@odeter.bb','(769) 335-6771')
insert into role_user(version, id,user_id,user_name,user_occupation,user_role,user_mail,user_phone) values (1, 10,'79','Mabel Leach','Food Chemist','Supervisor','mabel.leach@lisohuje.vi','(803) 586-8035')
insert into role_user(version, id,user_id,user_name,user_occupation,user_role,user_mail,user_phone) values (1, 11,'42','Jordan Miccinesi','Signals Intelligence/Electronic Warfare Chief','Manager','jordan.miccinesi@duod.gy','(531) 919-2280')
insert into role_user(version, id,user_id,user_name,user_occupation,user_role,user_mail,user_phone) values (1, 12,'82','Marie Parkes','Language Pathologist','External','marie.parkes@nowufpus.ph','(814) 667-8937')
insert into role_user(version, id,user_id,user_name,user_occupation,user_role,user_mail,user_phone) values (1, 13,'67','Rose Gray','Wildlife Officer','Worker','rose.gray@kagu.hr','(713) 311-8766')
insert into role_user(version, id,user_id,user_name,user_occupation,user_role,user_mail,user_phone) values (1, 14,'16','Garrett Stokes','Bindery Machine Operator','Manager','garrett.stokes@fef.bg','(381) 421-2371')
insert into role_user(version, id,user_id,user_name,user_occupation,user_role,user_mail,user_phone) values (1, 15,'95','Barbara Matthieu','Instructional Aide','External','barbara.matthieu@derwogi.jm','(940) 463-7299')
insert into role_user(version, id,user_id,user_name,user_occupation,user_role,user_mail,user_phone) values (1, 16,'75','Jean Rhodes','Clinical Psychiatrist','Worker','jean.rhodes@wehovuce.gu','(777) 435-9570')
insert into role_user(version, id,user_id,user_name,user_occupation,user_role,user_mail,user_phone) values (1, 17,'50','Jack Romoli','Mortician Investigator','Supervisor','jack.romoli@zamum.bw','(517) 393-9630')
insert into role_user(version, id,user_id,user_name,user_occupation,user_role,user_mail,user_phone) values (1, 18,'75','Pearl Holden','Rod Buster Helper','Manager','pearl.holden@dunebuh.cr','(711) 904-3669')
insert into role_user(version, id,user_id,user_name,user_occupation,user_role,user_mail,user_phone) values (1, 19,'92','Belle Montero','Classroom Aide','External','belle.montero@repiwid.si','(935) 404-4792')
insert into role_user(version, id,user_id,user_name,user_occupation,user_role,user_mail,user_phone) values (1, 20,'91','Olive Molina','Traditional Chinese Herbalist','Worker','olive.molina@razuppa.ga','(935) 267-8492')
insert into role_user(version, id,user_id,user_name,user_occupation,user_role,user_mail,user_phone) values (1, 21,'74','Minerva Todd','Electronic Drafter','Supervisor','minerva.todd@kulmenim.ad','(763) 948-4815')
insert into role_user(version, id,user_id,user_name,user_occupation,user_role,user_mail,user_phone) values (1, 22,'10','Bobby Pearson','Vault Teller','Worker','bobby.pearson@ib.kg','(238) 240-2561')
insert into role_user(version, id,user_id,user_name,user_occupation,user_role,user_mail,user_phone) values (1, 23,'29','Larry Ciappi','Fire Sprinkler Installer','Supervisor','larry.ciappi@ba.lk','(410) 257-1723')
insert into role_user(version, id,user_id,user_name,user_occupation,user_role,user_mail,user_phone) values (1, 24,'50','Ronnie Salucci','Brewery Pumper','Manager','ronnie.salucci@tohhij.lv','(566) 726-3346')
insert into role_user(version, id,user_id,user_name,user_occupation,user_role,user_mail,user_phone) values (1, 25,'37','Walter Grossi','Kitchen Chef','External','walter.grossi@tuvo.sa','(416) 906-7221')
insert into role_user(version, id,user_id,user_name,user_occupation,user_role,user_mail,user_phone) values (1, 26,'58','Frances Koopmans','Medical Esthetician','Worker','frances.koopmans@foga.tw','(611) 712-1562')
insert into role_user(version, id,user_id,user_name,user_occupation,user_role,user_mail,user_phone) values (1, 27,'89','Frances Fujimoto','Auto Tire Worker','Supervisor','frances.fujimoto@uswuzzub.jp','(919) 887-8542')
insert into role_user(version, id,user_id,user_name,user_occupation,user_role,user_mail,user_phone) values (1, 28,'91','Olivia Vidal','Semi-Truck Driver','Manager','olivia.vidal@hivwerip.vc','(982) 684-7650')
insert into role_user(version, id,user_id,user_name,user_occupation,user_role,user_mail,user_phone) values (1, 29,'77','Edna Henry','Command And Control','External','edna.henry@gugusu.rw','(811) 931-8202')
insert into role_user(version, id,user_id,user_name,user_occupation,user_role,user_mail,user_phone) values (1, 30,'95','Lydia Brun','Drywall Hanger','Worker','lydia.brun@zedekak.md','(927) 400-3928')
insert into role_user(version, id,user_id,user_name,user_occupation,user_role,user_mail,user_phone) values (1, 31,'15','Jay Blake','Real Property Evaluator','Manager','jay.blake@ral.mk','(365) 345-1498')
insert into role_user(version, id,user_id,user_name,user_occupation,user_role,user_mail,user_phone) values (1, 32,'51','Isabel Serafini','Human Performance Professor','Manager','isabel.serafini@turuhu.bh','(656) 968-9869')
insert into role_user(version, id,user_id,user_name,user_occupation,user_role,user_mail,user_phone) values (1, 33,'66','Rebecca Carter','V/Stol Landing Signal Officer','External','rebecca.carter@omjo.et','(739) 612-6585')
insert into role_user(version, id,user_id,user_name,user_occupation,user_role,user_mail,user_phone) values (1, 34,'32','Maurice Fabbrini','Air Control/Anti-Air Warfare Officer','Supervisor','maurice.fabbrini@rig.bh','(485) 521-2687')
insert into role_user(version, id,user_id,user_name,user_occupation,user_role,user_mail,user_phone) values (1, 35,'80','Ollie Turnbull','General Superintendent','Manager','ollie.turnbull@sicewap.org','(835) 620-3330')
insert into role_user(version, id,user_id,user_name,user_occupation,user_role,user_mail,user_phone) values (1, 36,'10','Jerry Hopkins','Child Protective Services Social Worker','External','jerry.hopkins@fo.mh','(211) 851-5960')
insert into role_user(version, id,user_id,user_name,user_occupation,user_role,user_mail,user_phone) values (1, 37,'79','Nora Lyons','Lens Grinder and Polisher','Worker','nora.lyons@gegijap.na','(811) 311-5257')
insert into role_user(version, id,user_id,user_name,user_occupation,user_role,user_mail,user_phone) values (1, 38,'84','Anne Weiß','Civil Engineering Professor','Worker','anne.weiß@kuvesa.pe','(843) 836-3759')
insert into role_user(version, id,user_id,user_name,user_occupation,user_role,user_mail,user_phone) values (1, 39,'95','Louise Gauthier','Mobile Home Servicer','Supervisor','louise.gauthier@lapahu.mt','(913) 235-1856')
insert into role_user(version, id,user_id,user_name,user_occupation,user_role,user_mail,user_phone) values (1, 40,'33','Lloyd Fani','Floor Refinisher','Supervisor','lloyd.fani@zev.ru','(467) 487-7239')
insert into role_user(version, id,user_id,user_name,user_occupation,user_role,user_mail,user_phone) values (1, 41,'69','Maud Dunn','Senior Sales Associate','Manager','maud.dunn@nabeaga.ni','(724) 340-3634')
insert into role_user(version, id,user_id,user_name,user_occupation,user_role,user_mail,user_phone) values (1, 42,'36','Henry Gigli','Tile Designer','Worker','henry.gigli@kaot.ps','(413) 229-8428')
insert into role_user(version, id,user_id,user_name,user_occupation,user_role,user_mail,user_phone) values (1, 43,'83','Virgie Werner','Econometrics Professor','Supervisor','virgie.werner@tawuctuj.cf','(886) 292-9749')
insert into role_user(version, id,user_id,user_name,user_occupation,user_role,user_mail,user_phone) values (1, 44,'30','Gregory Cozzi','Basketball Player','Manager','gregory.cozzi@eh.ru','(418) 472-1239')
insert into role_user(version, id,user_id,user_name,user_occupation,user_role,user_mail,user_phone) values (1, 45,'90','Lucinda Gil','Indirect Fire Infantryman','External','lucinda.gil@fajjusuz.kr','(961) 233-3461')
insert into role_user(version, id,user_id,user_name,user_occupation,user_role,user_mail,user_phone) values (1, 46,'60','Gertrude Verbeek','Licensed Esthetician','Worker','gertrude.verbeek@pave.cc','(605) 226-4037')
insert into role_user(version, id,user_id,user_name,user_occupation,user_role,user_mail,user_phone) values (1, 47,'67','Mattie Graham','Antisubmarine Warfare Intelligence Officer','Supervisor','mattie.graham@ispaviw.gt','(719) 765-1705')
insert into role_user(version, id,user_id,user_name,user_occupation,user_role,user_mail,user_phone) values (1, 48,'6','Bryan Shaw','Research Assistant','Manager','bryan.shaw@ha.ee','(232) 228-5539')
insert into role_user(version, id,user_id,user_name,user_occupation,user_role,user_mail,user_phone) values (1, 49,'66','Essie Adams','Cigar Roller','External','essie.adams@iliat.cw','(768) 554-8377')
insert into role_user(version, id,user_id,user_name,user_occupation,user_role,user_mail,user_phone) values (1, 50,'15','Gary Osborne','Customer Support Representative','Worker','gary.osborne@do.ga','(311) 731-7079')
insert into role_user(version, id,user_id,user_name,user_occupation,user_role,user_mail,user_phone) values (1, 51,'10','Richard Silva','Programmer','Manager','richard.silva@wi.lc','(207) 554-6244')
insert into role_user(version, id,user_id,user_name,user_occupation,user_role,user_mail,user_phone) values (1, 52,'47','Dustin Pestelli','Global Engineering Manager','Manager','dustin.pestelli@iwage.la','(558) 913-2855')
insert into role_user(version, id,user_id,user_name,user_occupation,user_role,user_mail,user_phone) values (1, 53,'81','Henrietta Hilton','Telegraph and Teletype Operator','External','henrietta.hilton@joopoju.pn','(832) 759-6654')
insert into role_user(version, id,user_id,user_name,user_occupation,user_role,user_mail,user_phone) values (1, 54,'36','Francisco Giordano','Hairpiece Stylist','Manager','francisco.giordano@gojawu.tn','(482) 736-8079')
insert into role_user(version, id,user_id,user_name,user_occupation,user_role,user_mail,user_phone) values (1, 55,'51','Cynthia Sardi','Tobacco Buyer','External','cynthia.sardi@afigoh.mm','(677) 345-2680')
insert into role_user(version, id,user_id,user_name,user_occupation,user_role,user_mail,user_phone) values (1, 56,'53','Lula Testi','Marine Steamfitter','Worker','lula.testi@benom.tj','(610) 374-7581')
insert into role_user(version, id,user_id,user_name,user_occupation,user_role,user_mail,user_phone) values (1, 57,'96','Bess Lucas','Attending Anesthesiologist','Supervisor','bess.lucas@jevakbe.cd','(982) 583-8067')
insert into role_user(version, id,user_id,user_name,user_occupation,user_role,user_mail,user_phone) values (1, 58,'57','Linnie Driessen','Certified Indoor Environmentalist','External','linnie.driessen@darhow.tr','(680) 266-3167')
insert into role_user(version, id,user_id,user_name,user_occupation,user_role,user_mail,user_phone) values (1, 59,'53','Eva Tesi','Land Management Forester','Worker','eva.tesi@dupid.cf','(611) 955-4652')
insert into role_user(version, id,user_id,user_name,user_occupation,user_role,user_mail,user_phone) values (1, 60,'88','Augusta Sakai','Digital Proofing and Platemaker','Worker','augusta.sakai@comouc.ee','(940) 714-8088')
insert into role_user(version, id,user_id,user_name,user_occupation,user_role,user_mail,user_phone) values (1, 61,'83','Mathilda Schwarz','Public Health Veterinarian','Manager','mathilda.schwarz@igunisi.ao','(868) 481-5125')
insert into role_user(version, id,user_id,user_name,user_occupation,user_role,user_mail,user_phone) values (1, 62,'7','Joe Riley','Statement Processor','External','joe.riley@pe.vu','(225) 395-2772')
insert into role_user(version, id,user_id,user_name,user_occupation,user_role,user_mail,user_phone) values (1, 63,'14','Leon McGee','Computer Applications Developer','Worker','leon.mcgee@puk.se','(365) 837-6888')
insert into role_user(version, id,user_id,user_name,user_occupation,user_role,user_mail,user_phone) values (1, 64,'55','Florence Viviani','African History Professor','Supervisor','florence.viviani@vegub.no','(606) 352-8734')
insert into role_user(version, id,user_id,user_name,user_occupation,user_role,user_mail,user_phone) values (1, 65,'43','Lee Miceli','Gastroenterology Professor','Manager','lee.miceli@rucwi.pf','(555) 800-7339')
insert into role_user(version, id,user_id,user_name,user_occupation,user_role,user_mail,user_phone) values (1, 66,'52','Celia Sodi','Laboratory Animal Caretaker','External','celia.sodi@agijit.iq','(657) 357-3671')
insert into role_user(version, id,user_id,user_name,user_occupation,user_role,user_mail,user_phone) values (1, 67,'43','Aaron Misuri','Water Pump Installer','Worker','aaron.misuri@loolu.lu','(523) 789-5485')
insert into role_user(version, id,user_id,user_name,user_occupation,user_role,user_mail,user_phone) values (1, 68,'75','Fanny Parkinson','Orthopedic Cast Specialist','Supervisor','fanny.parkinson@tupwovali.cw','(766) 966-7387')
insert into role_user(version, id,user_id,user_name,user_occupation,user_role,user_mail,user_phone) values (1, 69,'55','Phoebe Vitale','Budget Coordinator','Manager','phoebe.vitale@hidge.fo','(672) 613-2954')
insert into role_user(version, id,user_id,user_name,user_occupation,user_role,user_mail,user_phone) values (1, 70,'76','Edith Brennan','Railroad Engineer','Manager','edith.brennan@liowci.ir','(803) 549-9387')
insert into role_user(version, id,user_id,user_name,user_occupation,user_role,user_mail,user_phone) values (1, 71,'41','Jeremy Marilli','Chief Projectionist','External','jeremy.marilli@vesa.pf','(526) 435-1819')
insert into role_user(version, id,user_id,user_name,user_occupation,user_role,user_mail,user_phone) values (1, 72,'97','Kathryn Huet','Telecasting Engineer','Worker','kathryn.huet@wupikdoh.by','(937) 855-5936')
insert into role_user(version, id,user_id,user_name,user_occupation,user_role,user_mail,user_phone) values (1, 73,'89','Lelia Matsuo','Drama Therapist','Supervisor','lelia.matsuo@dajsiphaj.az','(960) 335-6192')
insert into role_user(version, id,user_id,user_name,user_occupation,user_role,user_mail,user_phone) values (1, 74,'69','Virginia Woods','General Superintendent','Manager','virginia.woods@soofpe.ht','(735) 809-2611')
insert into role_user(version, id,user_id,user_name,user_occupation,user_role,user_mail,user_phone) values (1, 75,'87','Sally Aoki','Technical Communicator','External','sally.aoki@aruzusjas.tc','(857) 797-7918')
insert into role_user(version, id,user_id,user_name,user_occupation,user_role,user_mail,user_phone) values (1, 76,'61','Isabelle de Ridder','Leisure Studies Professor','Worker','isabelle.deridder@ufeco.in','(659) 331-1543')
insert into role_user(version, id,user_id,user_name,user_occupation,user_role,user_mail,user_phone) values (1, 77,'66','Rosie Murphy','Air Conditioning Service Technician','Supervisor','rosie.murphy@uneehi.id','(759) 639-8597')
insert into role_user(version, id,user_id,user_name,user_occupation,user_role,user_mail,user_phone) values (1, 78,'95','Lou Meyer','Business Unit Manager','External','lou.meyer@hahinaba.gm','(942) 352-4854')
insert into role_user(version, id,user_id,user_name,user_occupation,user_role,user_mail,user_phone) values (1, 79,'12','Rodney Love','Job Estimator','Worker','rodney.love@zun.ph','(247) 867-8287')
insert into role_user(version, id,user_id,user_name,user_occupation,user_role,user_mail,user_phone) values (1, 80,'23','Kenneth Bianchini','Correctional Officer Sergeant','Worker','kenneth.bianchini@jo.ws','(302) 793-9936')
insert into role_user(version, id,user_id,user_name,user_occupation,user_role,user_mail,user_phone) values (1, 81,'85','Essie Dietrich','Parking Meter Collector','Supervisor','essie.dietrich@goltuefo.mn','(861) 740-6628')
insert into role_user(version, id,user_id,user_name,user_occupation,user_role,user_mail,user_phone) values (1, 82,'94','Leila Simon','Signals Intelligence/Electronic Warfare Chief','External','leila.simon@lupuwuzo.gw','(953) 866-9992')
insert into role_user(version, id,user_id,user_name,user_occupation,user_role,user_mail,user_phone) values (1, 83,'97','Eva Pierre','Clinical Psychiatrist','Worker','eva.pierre@reduzris.ee','(915) 491-8384')
insert into role_user(version, id,user_id,user_name,user_occupation,user_role,user_mail,user_phone) values (1, 84,'43','Landon Moretti','Wildlife Officer','Supervisor','landon.moretti@pubsav.sk','(584) 909-6235')
insert into role_user(version, id,user_id,user_name,user_occupation,user_role,user_mail,user_phone) values (1, 85,'51','Mittie Sardi','Food Chemist','Manager','mittie.sardi@lullip.nf','(673) 849-4256')
insert into role_user(version, id,user_id,user_name,user_occupation,user_role,user_mail,user_phone) values (1, 86,'12','Corey McDaniel','Advanced Foreign Counterintelligence Specialist (Afcs)','Supervisor','corey.mcdaniel@aba.tc','(268) 208-9643')
insert into role_user(version, id,user_id,user_name,user_occupation,user_role,user_mail,user_phone) values (1, 87,'85','Hester Stein','Forest Fire Officer','Manager','hester.stein@kettujwo.eu','(873) 489-6641')
insert into role_user(version, id,user_id,user_name,user_occupation,user_role,user_mail,user_phone) values (1, 88,'10','Danny Lowe','Catalogue Illustrator','External','danny.lowe@ju.sd','(243) 974-5539')
insert into role_user(version, id,user_id,user_name,user_occupation,user_role,user_mail,user_phone) values (1, 89,'79','Lillie Winter','Knife Grinder','Worker','lillie.winter@vioburez.vi','(816) 699-1291')
insert into role_user(version, id,user_id,user_name,user_occupation,user_role,user_mail,user_phone) values (1, 90,'24','Brandon Borchi','Neuropsychiatrist','Supervisor','brandon.borchi@ig.al','(319) 401-1090')
insert into role_user(version, id,user_id,user_name,user_occupation,user_role,user_mail,user_phone) values (1, 91,'22','Isaac Bernardi','Bottle Packer','Manager','isaac.bernardi@omu.bj','(359) 691-6408')
insert into role_user(version, id,user_id,user_name,user_occupation,user_role,user_mail,user_phone) values (1, 92,'5','Clyde Crawford','Special Education Kindergarten Teacher','External','clyde.crawford@luw.dz','(273) 892-4646')
insert into role_user(version, id,user_id,user_name,user_occupation,user_role,user_mail,user_phone) values (1, 93,'16','Paul Sherman','Commercial Art Instructor','Worker','paul.sherman@pi.cf','(304) 610-2881')
insert into role_user(version, id,user_id,user_name,user_occupation,user_role,user_mail,user_phone) values (1, 94,'4','Craig Russell','Ferryboat Captain','Supervisor','craig.russell@zu.nz','(237) 969-2900')
insert into role_user(version, id,user_id,user_name,user_occupation,user_role,user_mail,user_phone) values (1, 95,'11','John Sutton','School Social Worker','Manager','john.sutton@ag.ee','(207) 424-6468')
insert into role_user(version, id,user_id,user_name,user_occupation,user_role,user_mail,user_phone) values (1, 96,'34','Francisco Formigli','Joint Terminal Attack Controller','External','francisco.formigli@fopav.tn','(481) 661-8179')
insert into role_user(version, id,user_id,user_name,user_occupation,user_role,user_mail,user_phone) values (1, 97,'2','Gary Baker','VP Sales','Worker','gary.baker@ji.cf','(212) 510-3444')
insert into role_user(version, id,user_id,user_name,user_occupation,user_role,user_mail,user_phone) values (1, 98,'37','Earl Giovannoni','Auto Service Station Attendant','Manager','earl.giovannoni@lojet.ge','(433) 862-3076')
insert into role_user(version, id,user_id,user_name,user_occupation,user_role,user_mail,user_phone) values (1, 99,'55','Helen Zanieri','Healthcare Social Worker','External','helen.zanieri@ukve.tn','(619) 506-4452')
insert into role_user(version, id,user_id,user_name,user_occupation,user_role,user_mail,user_phone) values (1, 100,'53','Agnes Toccafondi','Comedian','External','agnes.toccafondi@viipo.ae','(616) 688-6883')
